,country,driver,tc_loss_ha_2001,tc_loss_ha_2002,tc_loss_ha_2003,tc_loss_ha_2004,tc_loss_ha_2005,tc_loss_ha_2006,tc_loss_ha_2007,tc_loss_ha_2008,tc_loss_ha_2009,tc_loss_ha_2010,tc_loss_ha_2011,tc_loss_ha_2012,tc_loss_ha_2013,tc_loss_ha_2014,tc_loss_ha_2015,tc_loss_ha_2016,tc_loss_ha_2017,tc_loss_ha_2018,tc_loss_ha_2019,tc_loss_ha_2020,tc_loss_ha_2021,tc_loss_ha_2022,tc_loss_ha_2023
0,Algeria,commodity,198,237,321,322,154,436,386,586,640,235,780,1273,434,1228,847,1116,5548,576,478,1643,2441,1129,12336
1,Angola,commodity,3,39,10,14,5,11,13,22,53,41,166,48,84,180,104,121,143,104,104,49,55,73,176
2,Argentina,commodity,70316,51365,143287,282986,223654,185611,272444,394678,198166,277096,342158,311325,214789,130293,112493,128920,118788,98204,78625,111380,117113,127780,133555
3,Australia,commodity,1941,2255,5493,2713,3939,2477,4366,2116,1486,2878,1356,4248,6040,9762,3463,2157,5994,3589,49941,16651,8074,1524,4985
4,Bahamas,commodity,287,498,155,333,1017,638,334,1368,490,187,551,291,1247,746,879,2279,2675,672,1236,2268,1362,452,1077
5,Bangladesh,commodity,63,66,45,47,121,78,6,47,79,35,80,99,219,435,577,802,869,595,791,666,525,444,516
6,Belize,commodity,512,1399,233,395,674,386,519,437,732,859,3248,2084,1510,3166,1926,4014,1654,1212,3340,5886,1353,1161,2338
7,Bolivia,commodity,70002,100312,81763,120922,139842,142083,121893,263247,144255,321346,197337,160927,110440,160290,126175,346435,357974,243594,712714,299985,399881,437907,578360
8,Bonaire Sint Eustatius and Saba,commodity,0,1,0,0,0,0,0,0,0,0,0,1,1,1,0,0,0,0,0,0,0,0,0
9,Brazil,commodity,1727056,2385285,2278349,2777824,2370223,1803780,1648482,1430831,1027686,1574538,1167394,1703703,1007568,1485294,1336874,3061131,2719452,1706011,1678911,2178216,1948439,2157962,1629101
10,Brunei,commodity,83,25,63,47,57,58,29,48,48,29,57,81,8,61,38,109,96,33,33,19,53,28,19
11,Burkina Faso,commodity,0,0,0,0,0,0,0,0,0,0,0,0,0,0,0,0,0,0,0,0,0,0,0
12,Cambodia,commodity,11484,26283,25145,37502,28437,38866,35769,41182,61145,129303,120024,129704,136628,109044,87203,119304,72636,67585,82937,85510,87603,64594,78276
13,Cameroon,commodity,92,9,0,115,41,54,187,62,103,284,207,152,227,148,73,312,532,248,165,123,286,180,403
14,Canada,commodity,4408,4491,3434,4541,4670,4878,2612,3461,3528,3279,2691,7805,3626,4630,3036,5464,5605,5308,5946,7210,9297,5041,4380
15,Cayman Islands,commodity,19,5,6,46,9,18,16,32,30,38,38,9,18,7,0,70,74,42,10,9,10,25,24
16,Central African Republic,commodity,37,76,117,33,38,49,30,43,46,80,56,70,128,179,84,86,168,45,75,103,86,71,105
17,Chile,commodity,1795,4418,2223,2659,2448,2802,4279,12431,5928,5153,6874,40577,2619,3456,4574,4350,8997,1531,3308,3390,1081,1459,1556
18,China,commodity,132,39,367,252,299,451,405,504,732,337,217,297,451,490,232,706,526,509,584,453,322,422,423
19,Colombia,commodity,34021,39171,18028,52859,36911,36362,72295,59978,38688,37280,49833,37465,36765,53562,32105,55614,108226,121099,64604,96702,74490,73071,34575
20,Costa Rica,commodity,410,246,155,578,1026,182,338,632,552,345,216,143,223,175,67,88,130,116,100,65,60,98,72
21,Côte d'Ivoire,commodity,241,188,146,16,89,158,122,599,468,229,254,127,526,383,444,506,744,503,840,457,478,800,716
22,Cuba,commodity,2035,4258,792,3564,1682,2416,1694,2289,3310,1256,2085,1011,927,1016,1011,1652,17584,3548,1145,2105,1266,920,1241
23,Curaçao,commodity,1,1,0,0,0,3,4,4,2,0,1,3,4,2,1,2,0,1,2,2,4,4,2
24,Democratic Republic of the Congo,commodity,104,32,29,83,535,177,58,1014,540,226,109,169,450,655,123,430,262,327,397,164,538,393,257
25,Dominican Republic,commodity,452,244,167,243,1298,406,321,350,224,340,197,334,1464,989,563,414,323,197,371,1723,260,973,1521
26,Ecuador,commodity,367,251,186,388,907,833,1308,547,1029,155,518,552,458,345,195,164,275,77,132,52,27,52,225
27,Egypt,commodity,3,2,11,3,4,2,6,7,8,16,14,26,17,27,19,19,26,17,6,7,5,9,10
28,El Salvador,commodity,128,164,78,136,121,142,129,119,120,151,163,72,118,102,112,141,121,103,63,72,55,61,63
29,Eritrea,commodity,0,0,0,0,0,0,0,0,0,0,0,0,0,0,0,0,0,0,0,0,0,0,0
30,Ethiopia,commodity,183,37,20,46,163,21,83,221,70,75,90,162,86,133,59,78,75,85,54,52,71,55,51
31,Fiji,commodity,0,0,0,0,0,1,4,35,24,11,16,1,2,7,44,335,0,4,0,6,0,0,0
32,French Guiana,commodity,553,475,535,1321,724,745,979,1561,836,571,668,1640,763,896,632,1222,914,804,846,1050,546,889,1486
33,Gambia,commodity,0,10,2,2,1,1,4,15,0,1,4,1,1,0,0,1,2,1,8,1,6,4,1
34,Ghana,commodity,482,1192,243,97,297,275,585,383,296,92,446,368,886,1161,751,1630,1044,1232,1064,1233,856,1133,1265
35,Guatemala,commodity,3692,3259,14773,4783,12945,5291,17431,10326,12578,4763,3020,5838,4919,6464,8422,25084,5332,4451,7558,20729,4132,5161,13370
36,Guinea,commodity,0,0,0,0,0,0,0,0,0,0,0,0,0,0,0,0,0,0,0,0,0,0,0
37,Guinea-Bissau,commodity,1,27,0,21,3,8,0,3,18,13,0,3,60,29,22,59,133,28,38,37,16,7,44
38,Guyana,commodity,1865,1235,2482,815,1053,1274,1046,1426,1488,1596,1315,2177,955,2008,2411,7497,3069,2873,5171,3195,921,895,5866
39,Haiti,commodity,64,29,17,81,40,19,24,38,28,52,23,36,32,116,9,26,70,63,15,48,17,12,31
40,Honduras,commodity,1902,2241,2221,2144,5006,4862,3409,4113,6054,6757,6393,2406,6438,9485,5802,16066,14367,13592,14714,17575,14385,11106,21364
41,India,commodity,12,11,19,33,15,14,3,29,18,8,39,54,74,106,212,384,337,227,261,228,175,158,214
42,Indonesia,commodity,619309,713473,438369,1128175,1043874,1270948,1212540,1232832,1682178,1118915,1338762,1963050,982505,1591035,1433875,1984612,1053636,973310,940525,777198,688852,731617,1159141
43,Jamaica,commodity,36,57,84,463,1655,212,19,32,78,92,90,31,86,368,91,182,101,54,126,51,45,25,30
44,Kenya,commodity,157,418,240,152,199,131,196,91,153,119,109,101,95,80,109,107,125,121,120,71,60,28,150
45,Laos,commodity,7692,12757,19777,13018,14925,26122,29694,15954,29686,35522,25552,32134,49731,57503,65017,90905,78324,64838,81923,77289,69315,68105,94707
46,Liberia,commodity,22,8,10,0,0,2,1,9,14,1,4,1,13,42,14,12,24,31,12,18,24,30,14
47,Madagascar,commodity,1,1,6,3,1,6,122,6,5,7,2,8,262,574,223,1023,115,309,335,493,453,1544,2981
48,Malawi,commodity,10,8,29,9,71,55,28,25,14,8,25,105,104,79,90,164,294,170,261,196,141,309,661
49,Malaysia,commodity,289552,270059,152081,305421,325072,285035,332934,304605,501806,348057,356512,469758,262752,472879,340787,422709,361864,317059,297966,209352,215510,187983,231984
50,Mali,commodity,0,0,0,0,0,0,0,0,0,0,0,0,0,0,0,0,0,0,0,0,0,0,0
51,Martinique,commodity,21,3,17,13,24,3,10,13,5,1,8,18,16,16,2,0,0,0,1,1,0,0,0
52,Mexico,commodity,30009,27191,34042,33833,40310,46166,44174,41156,70892,31424,38340,42372,56819,33706,49533,59370,76080,59560,68880,72553,43255,40292,72559
53,Montserrat,commodity,1,0,0,7,20,11,10,3,3,108,6,1,1,0,0,6,0,9,3,1,1,1,0
54,Morocco,commodity,28,55,22,31,65,29,83,57,47,30,56,91,18,23,19,31,79,33,34,29,20,2388,725
55,Mozambique,commodity,1,1,1,0,7,5,2,2,7,3,6,5,1,8,8,7,7,16,68,42,80,174,443
56,Myanmar,commodity,4036,6591,7565,10017,11317,10555,14999,13465,20991,16525,12949,16923,18438,25149,23831,32480,29015,24773,27540,28106,30262,25532,32747
57,Namibia,commodity,0,0,0,0,0,0,0,0,0,0,3,0,0,0,0,0,0,0,1,0,0,0,0
58,New Caledonia,commodity,1,2,0,10,1,0,9,0,1,0,3,1,7,134,3,8,1,21,0,22,7,1,3
59,New Zealand,commodity,26,25,33,12,47,144,94,33,33,66,76,96,122,51,82,82,124,74,24,14,54,58,80
60,Nicaragua,commodity,1428,1786,2292,1496,3128,1730,2373,3284,5280,9178,2256,2395,3999,7553,4923,14652,6505,5993,6097,34962,21495,2436,12889
61,Nigeria,commodity,2398,1183,234,117,289,633,615,679,431,901,2032,730,1735,2697,1057,2566,4661,3152,1062,1916,1927,2688,777
62,Palau,commodity,3,0,0,0,0,0,1,0,0,0,0,2,2,43,0,0,0,0,0,0,0,6,21
63,Panama,commodity,705,645,449,406,645,3007,631,2623,2584,714,1122,579,717,649,736,592,1193,891,1703,1009,928,526,1004
64,Papua New Guinea,commodity,27,22,14,40,12,7,7,11,17,25,46,38,9,77,67,158,317,80,42,32,49,64,108
65,Paraguay,commodity,98917,124669,170338,128216,185865,112942,327645,320395,319355,392023,386340,418518,259388,284811,234131,267532,262780,222138,247928,156798,210053,163057,150688
66,Peru,commodity,17136,16302,15811,19475,31927,18157,20974,30858,37129,30191,28351,58821,51850,51021,37827,49607,59314,44349,50683,53471,51910,54364,50824
67,Philippines,commodity,4054,4422,4312,8102,6911,7114,9543,5944,8024,11759,5604,8056,17203,21548,15369,22651,21464,16340,14011,12455,10596,11135,9522
68,Rwanda,commodity,28,57,61,28,9,6,48,25,14,36,37,34,102,121,125,302,205,418,194,228,176,161,221
69,Saint Kitts and Nevis,commodity,35,12,29,22,15,18,12,18,20,17,11,9,5,4,1,8,4,5,8,10,9,4,3
70,Saint Lucia,commodity,0,0,2,0,2,0,1,1,7,6,1,4,1,0,0,0,1,0,1,1,0,0,3
71,Saint-Martin,commodity,2,5,3,2,4,3,2,1,1,1,9,3,1,1,0,0,1,0,0,2,2,0,0
72,Senegal,commodity,0,0,0,0,0,0,0,0,0,0,0,0,0,0,0,0,0,0,0,0,0,0,0
73,Sierra Leone,commodity,867,1000,411,67,245,1216,407,328,1369,374,835,758,5761,8436,6247,2588,4531,4099,3830,3612,1543,1809,1215
74,Singapore,commodity,18,23,1,2,5,3,8,2,1,1,0,1,1,4,2,3,3,16,58,23,10,29,13
75,Sint Maarten,commodity,1,0,1,1,3,1,1,2,2,0,2,0,2,0,0,0,2,0,0,0,0,0,0
76,Solomon Islands,commodity,0,4,1,0,14,2,3,8,0,3,0,3,1,4,76,22,3,0,9,1,1,102,11
77,South Africa,commodity,254,364,107,97,146,519,144,192,1189,250,656,258,830,889,437,190,627,1099,434,310,703,1068,1401
78,South Sudan,commodity,20,6,5,2,1,24,5,1,7,8,8,11,10,10,0,4,16,3,38,6,6,17,2
79,Suriname,commodity,358,426,283,267,258,230,377,585,759,504,322,1202,1063,683,850,669,762,861,908,1028,665,564,1702
80,Tanzania,commodity,94,127,69,87,182,100,399,309,371,244,593,709,619,398,368,377,596,533,619,909,1086,1400,2417
81,Thailand,commodity,8914,13872,12573,20213,25239,20863,21078,15636,30236,26508,17146,15810,18630,35100,30553,42015,55619,36110,31731,28502,30949,26039,36765
82,Trinidad and Tobago,commodity,216,23,144,109,37,59,74,28,26,262,10,44,43,47,38,54,16,46,59,75,3,7,27
83,Tunisia,commodity,3,7,149,2,20,9,9,13,46,30,162,44,21,306,355,255,835,234,21,3,2,180,960
84,Turks and Caicos Islands,commodity,7,4,10,10,21,4,66,56,103,36,14,7,10,26,20,17,27,29,15,33,42,15,23
85,Uganda,commodity,295,68,109,143,312,171,555,292,262,482,351,267,280,345,368,419,656,553,679,795,530,634,761
86,United States,commodity,17997,12173,9985,18466,15477,16712,16545,11050,12330,9185,10966,15371,7416,11779,6490,8894,10567,9369,8148,7476,11721,7842,12033
87,Uruguay,commodity,919,1475,1521,1209,1838,1271,2057,2492,890,1414,3217,2919,2231,1339,968,2372,1628,1460,1673,1991,2493,3258,4528
88,Vanuatu,commodity,0,0,0,0,0,0,0,0,104,0,2,0,2,5,1,1,1,0,0,0,3,7,16
89,Venezuela,commodity,27402,14582,16870,17625,13065,17088,16293,23560,31185,27258,20447,25309,17826,28234,16349,39897,27127,25487,34216,31005,12238,9845,14061
90,Vietnam,commodity,11847,10298,10093,20050,23561,22095,23888,26610,45521,44194,42355,72065,48856,77694,69715,118051,87529,72991,71725,63403,59342,40815,33523
91,Virgin Islands,commodity,47,4,9,6,3,15,6,14,29,12,17,5,4,5,0,1,24,12,4,3,2,4,2
92,Zambia,commodity,0,0,0,0,0,1,0,0,3,0,0,1,0,0,1,0,0,1,5,1,4,1,2
93,Zimbabwe,commodity,5,15,16,17,11,4,12,8,14,11,7,7,5,11,8,9,8,4,1,1,2,4,5
94,Afghanistan,forestry,32,68,113,131,103,84,145,60,25,51,29,10,0,1,0,0,0,24,8,29,24,6,11
95,Åland,forestry,389,277,214,732,695,96,242,1268,663,628,460,652,507,546,562,665,728,616,2338,670,1338,1147,1092
96,Albania,forestry,2205,606,416,2155,489,549,2126,2102,867,468,827,2846,1678,797,224,550,1355,1675,834,693,1115,1588,2154
97,Algeria,forestry,500,756,1056,804,873,1204,1132,1576,2595,874,2275,3147,2543,3281,1230,2139,16922,1406,1495,2852,3705,4924,2137
98,Andorra,forestry,0,0,0,3,0,0,0,0,0,0,0,0,0,0,0,0,0,0,0,1,0,4,1
99,Angola,forestry,265,29,26,22,110,6,130,58,50,71,71,400,428,667,609,604,798,993,275,461,1154,596,288
100,Argentina,forestry,26950,25608,31058,40335,41275,47978,41366,48536,30085,37456,38589,47846,40176,33945,18449,29925,34280,20919,20951,24706,30032,30138,23209
101,Armenia,forestry,55,70,178,42,68,58,16,57,112,85,100,116,15,23,1,4,6,2,0,4,3,6,78
102,Australia,forestry,67523,72517,125562,86530,92631,102849,165914,93642,150681,75814,77194,78675,130154,135194,115613,267756,145778,124107,541380,859400,123690,74091,66854
103,Austria,forestry,6901,10854,14446,14559,21597,12549,31628,26846,15830,16670,18062,11113,7630,9834,7912,17175,18356,26255,33515,25881,16604,19840,26484
104,Azerbaijan,forestry,242,744,601,234,103,261,307,129,186,220,54,252,27,142,3,2,56,70,5,14,24,55,344
105,Bangladesh,forestry,3314,2564,1567,3305,2591,4749,3097,3584,4733,3869,3286,4631,5299,10551,11294,18893,24034,16615,18801,18262,14724,11545,14656
106,Belarus,forestry,17989,24928,29997,37549,35416,41651,32233,35467,34201,35227,44653,38201,27668,33143,32807,85682,76879,86147,72630,67996,62800,64474,58870
107,Belgium,forestry,842,2143,1846,4713,2874,6760,5862,7003,5013,10511,4866,5544,3294,4159,3299,4353,3976,4474,5188,5092,8748,4647,7333
108,Belize,forestry,48,132,83,57,114,41,215,115,86,112,369,126,196,122,114,532,221,81,202,849,35,71,64
109,Bhutan,forestry,262,172,372,818,606,483,404,676,970,3332,923,678,453,1151,629,1575,1650,869,697,1079,1105,1105,1674
110,Bolivia,forestry,701,1163,1420,2393,2464,2139,820,2331,710,1214,1222,1711,902,1193,423,1080,1102,603,767,463,581,1491,850
111,Bosnia and Herzegovina,forestry,1205,523,266,3119,497,466,1670,1154,844,793,814,1881,1873,1471,518,2004,1118,2248,1098,1497,951,1781,3811
112,Botswana,forestry,6,1,0,0,1,0,1,1,2,3,3,0,0,0,0,0,0,0,0,0,0,0,0
113,Brazil,forestry,314954,351780,326411,343789,337951,333752,311186,302446,253303,330322,272164,413455,253366,340142,224686,378659,448492,287518,248298,245152,256446,235053,213694
114,Brunei,forestry,1139,1056,715,1109,1135,936,1420,1223,2076,906,2526,1725,868,2133,1674,2426,822,762,1119,1131,880,869,887
115,Bulgaria,forestry,6599,3964,4763,7375,5909,4652,8570,5421,5563,3271,2962,9280,3486,6162,7010,7089,7026,9188,3911,4405,4997,3941,5565
116,Burkina Faso,forestry,0,0,0,0,0,0,0,0,0,0,0,0,0,0,0,0,0,0,0,0,0,0,0
117,Burundi,forestry,0,0,0,0,0,0,0,0,1,3,0,3,1,107,0,0,0,0,0,0,0,0,4
118,Cambodia,forestry,8499,10669,11434,17377,18302,21280,22905,22596,24897,40956,41238,33607,31431,24965,21104,33136,23848,21796,31292,26782,25948,17553,18870
119,Cameroon,forestry,1191,222,698,94,350,462,1292,562,416,1397,743,807,740,888,408,467,1233,1010,611,653,1144,576,1008
120,Canada,forestry,809582,976327,729748,1200812,1210435,1062890,1051448,794154,728850,811290,781815,966776,749865,865580,1013186,1051766,1319508,1088351,1174422,799859,1169657,987404,1995562
121,Central African Republic,forestry,215,67,21,101,181,110,537,23,369,185,84,139,96,148,69,169,113,64,149,112,121,158,180
122,Chad,forestry,0,0,0,0,0,0,0,0,0,0,0,0,0,0,0,0,0,0,0,0,0,0,0
123,Chile,forestry,66835,69714,76240,78828,98023,85917,111083,102963,79442,81909,88002,127383,95025,108615,97073,105054,196834,72704,71998,63133,64651,62110,101626
124,China,forestry,188212,210109,186958,394846,335932,460429,600354,682824,553008,571005,567204,571351,426522,516277,481670,700461,623352,550001,477394,402333,520282,601520,591619
125,Colombia,forestry,5026,3923,3529,6072,4886,6438,6469,6333,7225,3953,5119,5957,3741,5784,3592,5225,6902,4917,4643,4519,4042,3713,5027
126,Comoros,forestry,2,0,0,0,0,0,1,0,2,2,0,1,6,3,1,1,5,11,8,8,4,10,3
127,Costa Rica,forestry,397,186,200,654,627,257,487,782,635,242,457,343,623,808,168,486,450,324,427,197,209,207,342
128,Côte d'Ivoire,forestry,1923,2200,1732,522,455,1634,1203,2238,2813,1211,2926,852,2002,1981,977,1055,1810,1649,1244,1747,1384,830,870
129,Croatia,forestry,3133,2034,1423,5962,2491,1994,2743,3163,2412,3005,2609,4575,2812,4263,2160,4901,5159,7346,5533,5671,4870,7365,10293
130,Cuba,forestry,3535,2587,1421,6742,3516,2489,1691,3889,4511,2232,4438,2094,1743,1871,2066,3250,31667,4690,2607,4890,2353,896,2146
131,Cyprus,forestry,1,3,2,5,1,4,2,3,2,2,3,2,0,4,0,102,26,18,4,14,1,3,3
132,Czech Republic,forestry,3435,6695,3901,13296,25462,8561,21164,16737,13455,15371,21723,13885,7607,13826,7986,22689,26415,38909,72031,98713,56034,34674,24359
133,Democratic Republic of the Congo,forestry,2532,2501,906,2400,2796,2246,2785,1421,3709,2874,1713,3043,4836,5678,4401,6765,6248,5568,5622,6256,5150,5384,5041
134,Denmark,forestry,4120,1153,1544,2307,8809,5106,4298,5876,6463,4275,3019,4309,1947,5187,2435,4489,4224,3041,8880,3093,4567,3224,3937
135,Dominican Republic,forestry,403,672,312,458,437,407,592,647,612,365,266,914,721,652,989,468,470,321,388,763,529,455,627
136,Ecuador,forestry,1223,395,212,735,656,886,544,614,869,353,539,794,769,431,289,677,661,569,529,498,305,531,613
137,Egypt,forestry,0,0,0,0,0,0,0,0,0,0,0,0,0,0,0,0,0,0,0,0,0,0,0
138,El Salvador,forestry,13,7,0,29,9,15,42,8,31,37,8,7,4,3,5,29,7,5,10,3,1,6,10
139,Equatorial Guinea,forestry,0,0,0,1,16,1,0,1,8,14,2,0,2,6,0,3,8,1,4,0,12,1,1
140,Estonia,forestry,16868,21916,5632,18100,14798,21719,16177,18290,18817,21494,27197,17682,17081,23572,25413,36328,38850,40017,45910,36788,33997,39192,36155
141,Ethiopia,forestry,39,68,49,99,252,57,111,131,151,78,120,166,158,194,120,224,226,217,224,228,252,206,271
142,Fiji,forestry,920,482,1233,1231,1249,1367,1605,1531,991,1164,320,698,1736,2251,1141,2897,2161,767,936,1411,5672,701,591
143,Finland,forestry,150225,141554,89068,145336,229638,180423,150988,199596,174268,166581,158199,159238,147831,185720,171906,239403,335168,269151,288646,253649,266029,254865,241628
144,France,forestry,32517,32730,24547,73152,44691,52741,47490,83373,65074,140903,62459,65111,29464,43013,36252,58942,65168,66982,78307,73767,109673,56629,84855
145,Gabon,forestry,44,53,112,36,25,3,156,54,144,96,48,84,124,174,43,164,71,43,48,39,61,50,55
146,Georgia,forestry,275,220,104,961,220,239,380,163,119,399,191,200,67,34,15,192,87,99,86,143,231,203,745
147,Germany,forestry,14940,15046,6329,44392,39057,42034,92574,60923,28274,74466,33693,25518,15254,20513,12710,26480,32468,51307,105994,184697,201236,85764,122515
148,Ghana,forestry,25,26,9,6,41,14,13,6,13,5,4,10,16,27,14,27,27,58,22,27,16,24,39
149,Greece,forestry,6064,2682,1290,4164,2254,3303,6781,4970,3086,3372,3294,6269,1797,2483,1973,2876,4022,3336,3388,2638,3655,4222,40326
150,Guatemala,forestry,2545,3632,3018,2944,3941,2251,5270,3600,4078,2518,2105,2896,1783,1945,1746,4769,2820,2396,2307,3191,2146,1725,2320
151,Guinea,forestry,96,25,9,10,21,20,29,19,62,18,5,281,485,590,420,691,599,710,526,783,501,435,611
152,Guinea-Bissau,forestry,10,42,0,13,2,14,16,11,109,49,16,28,231,117,128,152,99,131,120,159,131,128,81
153,Haiti,forestry,23,12,8,10,9,0,8,39,11,4,12,81,1,3,18,4,5,4,1,4,1,2,3
154,Honduras,forestry,22,50,35,113,78,132,107,71,51,72,61,40,186,234,248,75,85,70,225,66,92,36,68
155,Hong Kong,forestry,5,14,6,17,6,6,10,22,41,10,10,7,3,23,19,22,78,90,19,57,21,41,56
156,Hungary,forestry,7464,7638,5688,11911,10297,7921,9219,8839,9949,11122,8159,11764,8896,14985,10616,13902,13974,13688,14250,11895,13657,14707,19650
157,India,forestry,49691,41868,37578,58877,48967,49422,54543,62595,57393,40906,59528,73872,71076,122543,107651,159081,166339,113799,101820,118737,118341,104415,116050
158,Indonesia,forestry,91111,102536,79857,116211,103195,115364,124145,119374,207227,124531,153805,212159,118161,223939,217950,319397,183126,186636,175462,139583,114075,116002,186203
159,Iran,forestry,20,54,15,11,23,16,17,110,21,31,28,14,2,13,0,1,16,30,67,2,16,80,124
160,Ireland,forestry,8537,4903,2177,6380,7693,4889,10895,6564,6816,3598,2828,5523,4580,5573,4377,9174,5866,8091,10046,6007,8515,6608,6702
161,Isle of Man,forestry,14,9,2,7,7,25,25,0,38,41,11,30,15,37,8,11,15,12,20,6,14,13,7
162,Israel,forestry,129,101,25,53,128,112,39,57,78,75,1050,41,40,113,48,58,94,20,38,45,24,71,60
163,Italy,forestry,7457,9180,2873,14537,9310,7186,9073,10880,11790,14277,9659,18310,12446,17133,12058,20673,25861,32316,56359,25809,22183,24876,41185
164,Jamaica,forestry,53,61,32,155,467,129,29,82,213,172,85,105,96,69,66,70,107,74,61,69,63,32,71
165,Japan,forestry,23079,25188,19318,35911,35268,37958,44323,39551,40061,34833,35008,44282,22675,27526,30679,53895,46615,49585,50521,47233,47805,53185,50359
166,Kazakhstan,forestry,1529,1192,1157,2483,2124,1287,2766,2881,2641,1757,3293,1566,2110,515,162,984,753,937,1093,1577,592,3255,17765
167,Kenya,forestry,2383,2405,1683,1141,1284,1630,2524,1615,1125,1171,1817,2113,2010,1988,3176,3728,4007,1653,1052,1234,383,395,1067
168,Kosovo,forestry,998,208,255,542,293,465,709,1089,719,453,749,1572,745,738,457,871,613,582,679,928,508,768,1431
169,Kyrgyzstan,forestry,233,26,3,28,3,2,23,9,8,140,37,7,0,0,0,0,2,0,4,2,5,12,42
170,Laos,forestry,16529,24602,39377,28978,29467,52401,61208,37477,69498,75590,61512,67677,86192,101886,119751,169163,151506,126103,154061,151574,136608,139633,186786
171,Latvia,forestry,24900,29169,21317,30635,40710,38880,36111,29303,34893,48489,44730,34274,27760,32196,30820,44928,47076,46869,57358,50379,48404,57103,54485
172,Lebanon,forestry,265,77,59,93,267,135,165,383,322,107,132,155,136,140,154,248,258,234,370,448,618,544,478
173,Lesotho,forestry,0,0,0,0,0,0,0,0,0,0,0,0,0,0,1,0,0,0,0,0,0,0,0
174,Liberia,forestry,76,325,96,12,20,94,192,118,213,44,157,203,206,410,348,357,484,458,346,507,257,305,262
175,Libya,forestry,0,2,0,1,2,6,0,0,0,0,3,0,1,0,0,0,0,0,0,0,0,0,0
176,Liechtenstein,forestry,3,0,0,9,6,12,8,9,5,3,2,4,2,3,1,5,4,7,12,3,1,2,1
177,Lithuania,forestry,7955,10337,8906,13088,20362,17440,16023,15177,14399,21645,21720,17563,13916,15962,15784,25506,25769,19736,24542,22947,22616,23704,24748
178,Luxembourg,forestry,69,90,103,311,68,366,502,984,216,880,448,444,348,430,327,521,413,458,509,655,1055,321,913
179,Macao,forestry,1,1,0,0,0,3,4,3,2,1,1,1,0,1,1,0,4,1,3,1,0,1,16
180,Macedonia,forestry,1542,773,780,1699,1176,1788,2166,2853,3060,1921,1895,2380,879,1587,705,1344,1055,1423,1604,1673,2192,2213,2677
181,Madagascar,forestry,116,113,94,246,175,40,164,76,201,112,292,186,268,439,258,312,543,517,453,396,344,350,243
182,Malawi,forestry,48,203,291,532,541,460,673,1022,61,158,1145,936,454,658,405,654,422,379,174,389,510,530,453
183,Malaysia,forestry,39549,39375,30023,42291,46235,45152,68848,59302,111877,77031,93802,144410,64316,163559,107877,131861,112826,113541,91669,55998,58920,56795,72027
184,Maldives,forestry,0,1,0,0,0,0,0,0,0,0,0,0,0,0,0,0,0,0,0,0,0,0,11
185,Mauritius,forestry,29,39,36,53,26,31,30,46,49,6,149,27,46,147,0,0,0,0,0,0,0,0,0
186,Mayotte,forestry,0,0,1,0,0,0,0,0,0,0,0,4,12,16,0,0,1,1,2,2,1,8,0
187,Mexico,forestry,6485,7738,7450,5516,8621,5704,6738,6228,9734,4833,6182,5447,7298,5804,7181,9919,9812,8105,9779,8863,5244,5431,7205
188,Micronesia,forestry,0,0,0,0,0,0,0,0,0,27,0,0,0,0,0,0,0,0,0,0,0,0,0
189,Moldova,forestry,112,173,83,222,89,146,179,117,152,145,136,1563,138,319,427,743,955,786,722,1264,981,987,1306
190,Mongolia,forestry,7992,3364,4475,3980,1371,1454,2035,5255,4474,1696,411,1059,41,13,0,508,943,48,199,7,33,3,88
191,Montenegro,forestry,773,155,186,796,153,155,954,1278,497,189,427,1085,1937,1176,171,1048,1182,1421,592,770,481,1133,1617
192,Morocco,forestry,606,994,503,546,536,612,662,1026,298,358,851,578,395,820,465,1019,866,695,380,925,454,5352,1115
193,Mozambique,forestry,243,565,294,431,220,899,621,909,531,441,287,522,1155,645,854,817,1134,455,930,485,482,567,524
194,Myanmar,forestry,16295,22380,23843,34119,31043,38775,50006,37465,63516,57323,43573,73144,80998,97401,90383,105119,97039,80118,91524,92096,90325,75526,92994
195,Namibia,forestry,2,3,3,1,1,0,1,4,1,1,3,0,0,0,0,0,1,0,0,0,1,0,1
196,Nepal,forestry,1143,1482,1565,1567,2089,2290,2361,1942,3617,1535,2260,3689,696,793,540,893,1781,1387,1655,1906,2299,1729,2027
197,Netherlands,forestry,508,585,236,1199,1246,1293,1373,936,1280,2951,962,788,459,748,753,1157,1084,1069,2009,1576,2085,1028,1377
198,New Caledonia,forestry,184,93,113,131,170,44,91,42,139,111,100,60,402,318,102,261,175,133,99,156,56,44,206
199,New Zealand,forestry,48360,61186,43186,58744,50313,59684,59738,58080,56851,53065,57368,66460,73610,71087,61642,75898,72524,76548,68687,58786,64395,56481,48462
200,Nicaragua,forestry,425,117,220,300,150,171,240,192,210,376,25,287,196,209,67,61,78,37,17,42,24,34,44
201,Nigeria,forestry,1562,2101,182,146,364,515,742,497,375,769,1094,487,1124,1458,426,1031,1337,979,317,935,1387,795,925
202,North Korea,forestry,11246,4912,6665,10262,15470,11529,12748,15931,11590,17633,5120,15776,4708,10675,10689,11112,8292,7536,25163,14247,13518,8901,10040
203,Northern Cyprus,forestry,14,3,2,5,2,5,8,15,14,4,2,2,6,19,0,1,0,0,1,0,0,525,37
204,Norway,forestry,21704,25501,14284,31855,24126,38982,31227,33061,22622,38931,32011,29051,31928,38402,36304,59234,57068,57922,63433,66579,62516,66194,57844
205,Pakistan,forestry,70,193,297,576,415,671,547,535,420,228,253,97,38,23,2,0,132,57,57,48,28,20,120
206,Palestina,forestry,1,1,0,1,0,1,1,2,1,1,0,0,0,0,0,0,1,1,0,0,0,0,0
207,Panama,forestry,416,579,145,414,271,593,370,1057,637,226,281,274,187,270,168,139,330,312,377,364,222,123,258
208,Papua New Guinea,forestry,8275,9628,5139,9599,5947,8977,7749,10572,7508,10908,8617,12346,7865,11830,32828,40048,12823,11968,11280,7726,7579,17675,9870
209,Paraguay,forestry,1964,2245,5067,3261,2046,1226,1662,1775,718,1067,1000,1914,1894,2830,941,1830,2744,1538,959,1373,1160,1538,998
210,Peru,forestry,87,200,89,101,178,152,112,177,136,226,113,246,290,175,208,205,601,125,96,132,125,125,141
211,Philippines,forestry,27009,24272,28320,36755,38365,45039,51491,30148,46545,80704,25228,46145,37934,75452,47477,97608,85872,50824,47215,47870,35831,66059,30696
212,Poland,forestry,18911,30886,33143,41665,81921,37478,57071,47740,46684,71378,56418,54635,34919,56083,42602,86218,95898,96574,76485,74688,77308,71966,76027
213,Portugal,forestry,21551,30574,24699,48694,35887,37197,32984,30304,33975,41099,23804,47290,44664,52682,40842,80873,154034,81745,32646,55440,31859,40268,32582
214,Puerto Rico,forestry,61,34,19,37,42,33,52,10,26,7,23,29,25,32,20,24,124,11,36,25,16,7,4
215,Republic of Congo,forestry,52,22,1,5,9,96,26,17,20,31,12,12,46,28,31,73,70,72,69,64,45,53,70
216,Reunion,forestry,3,191,40,0,38,147,0,0,30,24,116,132,449,142,0,0,0,0,0,0,0,0,0
217,Romania,forestry,16861,15683,9067,17732,18874,12661,37469,17088,15704,17354,16375,29693,12366,18761,10601,22545,18703,18563,11899,26724,14275,15930,25082
218,Russia,forestry,689635,610199,630325,970472,768709,800376,888628,904565,807394,858324,1183701,1380334,899833,929679,784285,1203739,1265841,1073537,1034268,1038596,1014218,1129849,1229605
219,Rwanda,forestry,3,3,4,2,2,0,5,4,14,12,3,1,24,12,3,5,6,16,3,13,8,5,17
220,San Marino,forestry,0,0,0,1,0,0,1,0,0,0,0,0,0,0,0,0,0,0,1,0,0,0,0
221,Senegal,forestry,0,2,0,0,0,0,0,0,0,0,0,0,0,0,0,0,0,0,0,0,1,0,0
222,Serbia,forestry,2141,1030,768,2364,1381,1708,2017,2954,2289,2290,2043,3165,2396,4028,2571,4330,3232,3694,3689,4697,3824,4265,7611
223,Sierra Leone,forestry,0,1,0,1,1,0,0,0,2,1,1,5,14,7,7,7,9,8,26,6,4,6,10
224,Singapore,forestry,1,3,0,0,6,0,1,0,0,0,0,0,0,1,1,8,23,0,1,12,2,4,6
225,Slovakia,forestry,3712,3894,3574,4505,24202,7435,9113,12852,10722,16464,11103,9010,4979,17101,5216,16778,14000,17499,10231,11871,6066,5174,9820
226,Slovenia,forestry,588,691,509,1169,1861,1185,2058,1823,1900,1414,1421,884,631,4971,921,4902,4746,8033,3397,3829,2210,2837,4596
227,Solomon Islands,forestry,524,926,536,748,860,585,1123,1751,1311,1059,1217,1275,988,1381,1671,2797,2504,2151,1550,1946,1813,2071,1309
228,Somalia,forestry,0,0,0,0,0,0,0,0,0,0,0,0,0,0,0,0,0,0,0,0,0,0,0
229,South Africa,forestry,69642,42147,85765,65251,96935,94914,40841,74027,58810,53705,61865,77049,46735,56426,53720,60558,77246,48449,57256,43637,40160,31064,21360
230,South Korea,forestry,5318,4520,3453,10951,8525,9600,7643,13113,15550,13860,11211,15344,9170,12965,16889,21912,20182,21266,20216,19557,16932,25142,21285
231,Spain,forestry,27689,31785,19633,56807,34850,59761,52678,39939,56512,48003,35528,58349,56327,66092,56366,93122,83762,104676,62525,90723,72801,116385,79064
232,Sri Lanka,forestry,2932,2477,2541,3774,3829,5614,6117,5033,8038,4575,8632,10974,5391,9599,5101,13402,10855,10495,8378,8766,10720,6652,9015
233,Sudan,forestry,0,0,0,0,0,0,0,0,0,0,0,0,0,0,0,0,0,0,0,0,0,0,0
234,Swaziland,forestry,6356,3561,5389,5038,4364,8518,6182,4308,10384,5847,2160,3267,2748,4167,2705,4334,5130,1668,3285,2338,2408,1490,1570
235,Sweden,forestry,143701,175968,91702,268849,247017,246034,181658,290583,205833,260928,203786,231364,195568,240590,214166,307725,329177,286963,327516,337859,331577,328580,313165
236,Switzerland,forestry,1135,862,411,3744,2273,1990,1804,2358,2207,1689,1909,1484,765,1464,752,1612,2453,3050,3350,3834,3346,1933,3084
237,Syria,forestry,163,91,71,29,114,210,1134,675,66,88,82,2630,819,669,2178,1579,1672,789,1003,2288,1496,388,1426
238,Taiwan,forestry,964,834,1011,1683,1371,1870,1547,2076,7919,2276,1358,1321,860,942,882,3037,2373,1769,1307,1335,1361,1377,1844
239,Tajikistan,forestry,0,0,0,0,0,0,0,0,0,0,0,0,0,0,0,0,0,0,0,0,0,0,1
240,Tanzania,forestry,4391,4543,3418,2202,3708,1512,4188,4606,2972,3434,3889,4414,4898,4910,3163,4102,5314,4800,3680,5400,5289,5046,6001
241,Thailand,forestry,21753,34915,32469,54535,48726,56135,48883,44047,73763,77241,53935,63357,38881,69907,63153,90743,112876,75638,70216,64137,67816,60990,77220
242,Timor-Leste,forestry,246,593,232,659,417,805,406,124,921,185,244,497,139,441,193,353,508,411,467,436,442,318,389
243,Trinidad and Tobago,forestry,38,72,35,4,26,98,20,7,36,82,2,10,13,27,6,16,13,15,19,10,1,2,6
244,Tunisia,forestry,157,167,347,244,423,196,465,397,515,215,560,768,828,1124,737,734,6465,391,221,515,1638,1949,1819
245,Turkey,forestry,21992,24695,17309,27485,19726,24909,24198,26827,25785,16337,23093,26994,21787,21303,27207,24960,33162,34896,38233,44179,77664,52332,52958
246,Turkmenistan,forestry,0,15,4,3,10,3,3,6,1,1,0,1,0,0,0,0,0,0,0,0,0,0,0
247,Uganda,forestry,436,164,312,314,285,444,470,469,222,315,537,214,410,527,579,821,1340,1059,1013,962,803,955,1285
248,Ukraine,forestry,27520,25510,36375,47185,35060,40122,61987,50242,44943,50151,57814,53011,36539,45576,46243,97502,81427,70781,43636,70584,59510,45561,65897
249,United Kingdom,forestry,19829,18099,1578,23299,7447,18469,29425,10246,35100,26366,20957,33214,26608,28060,22540,27376,21920,25091,26658,21741,24801,33025,21266
250,United States,forestry,1598140,1487336,1218637,1762798,1657389,1677472,1814706,1803349,1278898,1504997,1340085,1594448,1311445,1452637,1378218,1729416,1799313,1616776,1450440,1484818,1595595,1421187,1129202
251,Uruguay,forestry,5069,4329,7404,11574,11637,15778,15213,17590,14181,12847,20733,21275,14331,20602,14506,17808,15984,15852,10847,8966,12338,10982,12426
252,Uzbekistan,forestry,0,4,1,0,0,1,2,1,9,0,4,2,1,0,0,0,0,0,0,0,0,0,0
253,Vanuatu,forestry,0,0,49,1,2,8,0,1,659,4,376,1,11,12,74,18,1,1,2,2,3,1,7
254,Venezuela,forestry,6558,7236,5728,8439,8903,9404,7370,10573,8060,6099,4820,5541,4692,3594,1777,5409,1680,3159,11870,2864,553,749,1840
255,Vietnam,forestry,24702,25745,19296,36169,48207,32373,37243,52467,66237,70559,56157,82678,65477,111109,116809,178238,152227,114922,107681,102548,97866,85716,67764
256,Zambia,forestry,0,0,0,3,0,6,3,3,0,151,0,15,93,109,0,0,2,2,2,0,0,0,1
257,Zimbabwe,forestry,3387,2548,3479,3828,3624,8444,3077,1240,5892,1449,4189,5305,4917,4362,7067,5776,14162,2994,6527,2694,2937,3659,1985
258,Albania,shifting agriculture,73,8,7,19,12,17,53,40,104,18,127,146,30,19,15,42,60,60,48,92,251,143,19
259,Algeria,shifting agriculture,1559,1107,1343,2178,1908,2270,2363,3451,3893,860,3499,3977,2337,3070,2462,3193,15767,2528,2645,5768,10331,3409,4776
260,Angola,shifting agriculture,98079,58604,50981,69687,91730,75436,143365,102186,164206,156713,180561,176701,165503,209660,160118,227899,278306,240531,174306,246223,295689,265470,267074
261,Antigua and Barbuda,shifting agriculture,21,17,16,24,60,57,35,43,59,16,25,31,19,23,9,14,70,152,23,13,35,32,17
262,Argentina,shifting agriculture,40471,22358,58363,86773,85571,65116,89499,125325,65311,80301,101836,105388,110532,66008,42334,62096,72933,47910,41647,56663,50072,61895,52993
263,Armenia,shifting agriculture,0,0,0,0,0,0,0,0,0,0,0,0,0,0,0,0,0,0,0,0,0,0,1
264,Aruba,shifting agriculture,0,0,0,0,0,0,0,0,0,0,0,0,0,0,0,0,0,0,0,0,0,0,0
265,Australia,shifting agriculture,376,625,644,837,810,1069,1330,882,1280,446,6786,803,1420,7861,2311,2185,4541,1471,5163,1245,708,615,746
266,Azerbaijan,shifting agriculture,34,64,70,65,28,15,21,159,33,34,4,128,30,80,1,2,1,1,0,2,33,43,96
267,Bahamas,shifting agriculture,17,64,13,45,40,37,157,45,40,21,15,20,23,37,88,643,674,131,63,101,52,72,75
268,Bangladesh,shifting agriculture,1026,1121,480,734,478,1814,684,675,642,512,531,482,462,1029,675,1375,3336,2059,2419,2401,2187,1682,2439
269,Barbados,shifting agriculture,6,7,1,8,7,3,23,9,7,11,15,101,4,2,2,8,16,22,54,22,15,5,6
270,Belarus,shifting agriculture,1,3,1,5,12,3,4,3,9,3,10,1,0,1,6,8,6,1,1,0,0,6,1
271,Belgium,shifting agriculture,27,47,9,13,28,28,26,49,29,63,30,18,3,21,28,53,40,47,85,66,71,41,65
272,Belize,shifting agriculture,7638,11897,6500,3851,7300,3835,11516,7641,9423,8775,22757,9296,14645,13132,10193,15907,14405,9731,14789,19712,7873,6932,20124
273,Benin,shifting agriculture,3732,3470,3474,682,1589,1793,4648,477,4925,523,647,2848,1308,1352,598,2002,2217,1822,766,1599,1695,1668,2599
274,Bhutan,shifting agriculture,2,17,7,17,9,13,8,15,12,78,13,8,3,3,6,10,21,259,30,19,10,11,18
275,Bolivia,shifting agriculture,68127,76158,79684,77191,106722,70947,66046,101896,78928,125000,129628,107970,65898,93357,39005,113292,102084,55336,98828,125348,128241,153558,115191
276,Botswana,shifting agriculture,6,8,2,4,10,6,3,1,5,10,1,3,6,3,0,0,0,1,0,0,0,0,1
277,Brazil,shifting agriculture,691382,758474,631048,711422,764146,727085,647063,696696,526280,769124,473133,774269,672072,852690,652265,1895223,1328853,939084,755433,844939,770656,899444,954496
278,British Virgin Islands,shifting agriculture,4,3,1,3,4,2,5,5,5,3,14,1,2,0,0,3,118,6,1,0,4,2,2
279,Brunei,shifting agriculture,21,5,20,38,82,17,109,27,41,27,27,22,9,19,21,29,22,6,12,15,11,4,8
280,Bulgaria,shifting agriculture,14,1,11,45,43,10,10,14,38,2,4,3,3,10,2,4,6,9,3,3,5,4,6
281,Burkina Faso,shifting agriculture,33,2,0,1,4,2,2,3,3,7,8,0,0,0,0,0,0,0,0,0,0,0,0
282,Burundi,shifting agriculture,1391,976,1278,607,964,341,1823,1976,872,1866,939,857,1382,1921,1454,1563,1767,2846,2376,1847,2265,1601,1939
283,Cambodia,shifting agriculture,8182,17808,20125,24239,17747,20099,18819,19584,34762,67348,30671,31938,21972,27673,24272,29804,21684,23788,28974,31078,30643,21616,23668
284,Cameroon,shifting agriculture,36794,28244,23755,22248,24037,34491,43458,33033,34523,53880,25418,48573,80764,175737,76541,113547,181269,116700,118674,198597,165141,144054,200740
285,Canada,shifting agriculture,621,1004,412,925,627,849,812,513,390,860,454,1152,723,1195,704,1248,644,1020,1270,869,1306,1270,19598
286,Central African Republic,shifting agriculture,28719,31375,12492,13668,27968,56070,35489,31009,45728,47086,46963,54686,41980,55834,26877,50403,62551,40542,48431,54420,65985,50212,54066
287,Chad,shifting agriculture,873,1918,159,443,466,2972,996,3396,1045,251,918,2478,2894,2999,2591,3165,6763,6930,5054,3431,5095,5445,11067
288,Chile,shifting agriculture,3181,2043,2735,2593,4352,1912,4260,5259,1800,2568,2661,3846,3019,5472,3409,3489,6254,2080,2777,2759,4891,3266,3044
289,China,shifting agriculture,823,1202,926,1322,1233,2045,2800,2294,2598,3142,1940,3283,1537,1869,1994,2298,1968,1710,1996,1670,1727,2055,2775
290,Colombia,shifting agriculture,187443,136397,99129,191684,144362,144018,187062,162262,188140,152834,132027,179373,95859,139705,103295,225926,305366,222598,195303,217582,182264,184613,154865
291,Comoros,shifting agriculture,24,33,17,35,66,11,59,27,99,76,113,61,1283,1184,384,58,187,42,177,175,120,97,107
292,Costa Rica,shifting agriculture,14473,12208,7821,8324,14680,9427,10486,20227,20896,12448,9699,9713,6876,9862,3040,13174,21366,11737,10879,7931,7484,8198,8547
293,Côte d'Ivoire,shifting agriculture,119657,141236,83966,47329,64293,95466,89094,123773,104139,90489,120246,94775,172268,342333,150165,218289,352481,320430,238507,244676,179689,169494,187650
294,Croatia,shifting agriculture,0,0,0,5,2,1,1,5,20,15,5,8,2,0,1,8,1,1,1,1,2,2,34
295,Cuba,shifting agriculture,13132,6760,4222,11206,7248,7078,4163,10596,8212,5023,9545,7094,3300,2901,3594,69050,22940,6214,3627,5495,5706,2994,15269
296,Cyprus,shifting agriculture,4,5,2,9,3,10,8,3,2,2,7,5,1,14,3,9,1,1,1,2,8,3,3
297,Czech Republic,shifting agriculture,3,1,0,2,4,1,1,1,2,7,5,2,0,3,0,1,1,2,2,1,2,0,2
298,Democratic Republic of the Congo,shifting agriculture,449704,509256,271599,395404,478360,448829,457536,399542,626929,804496,425278,623479,910507,1325448,921436,1370471,1457482,1363736,1210326,1298776,1237500,1209690,1314821
299,Denmark,shifting agriculture,1,1,0,0,5,1,0,1,1,3,3,0,2,2,2,1,5,8,4,2,4,4,1
300,Dominica,shifting agriculture,22,12,27,79,52,25,40,93,74,92,44,144,22,12,2,7,23290,778,56,65,30,32,145
301,Dominican Republic,shifting agriculture,10192,9234,9916,18323,23081,12398,14859,20365,12920,13128,12336,16475,10348,11673,13270,23742,25952,13262,14040,18736,13157,11503,20590
302,Ecuador,shifting agriculture,42518,28710,13158,35324,38374,33329,57926,50379,55012,32758,42158,71803,46661,29679,29228,42811,69678,37795,34755,47998,29590,51596,41901
303,Egypt,shifting agriculture,4,0,0,1,0,1,3,2,3,1,3,17,5,6,0,0,0,1,0,0,0,0,3
304,El Salvador,shifting agriculture,9243,4404,5807,4300,5642,4328,2676,3141,4054,2642,2998,2349,1872,2168,2211,5360,4394,2486,2107,2056,1383,1506,1622
305,Equatorial Guinea,shifting agriculture,3575,2980,1919,420,1576,1234,3104,4814,5652,6528,7695,4936,7204,19131,7459,9518,11903,7814,9493,4866,8861,7754,8520
306,Ethiopia,shifting agriculture,11045,12440,13373,12822,14853,11718,24869,22920,28401,19519,14696,40520,29799,31481,9971,18890,34697,18360,25040,17438,19138,19371,35514
307,Fiji,shifting agriculture,128,91,167,468,302,261,279,665,601,988,162,299,682,1094,514,4630,808,408,421,514,1303,227,165
308,Finland,shifting agriculture,0,0,1,24,21,0,1,0,1,0,0,2,0,0,0,0,0,0,0,0,0,0,0
309,France,shifting agriculture,76,82,82,183,141,171,155,147,122,177,142,180,140,185,135,264,1007,300,416,296,236,442,228
310,French Guiana,shifting agriculture,2152,1851,1208,3115,1990,1639,2189,3260,1716,2244,1526,5192,2028,3094,2178,4657,3078,2792,2335,3061,1421,2802,3524
311,Gabon,shifting agriculture,13950,13074,15929,9507,16287,18209,15233,16236,15518,9782,17198,16864,41965,44676,25017,31532,37382,26302,27974,21248,17914,29014,19550
312,Gambia,shifting agriculture,3,20,6,55,4,4,20,201,4,5,19,28,10,14,1,1,4,1,9,8,12,12,10
313,Ghana,shifting agriculture,42109,74461,23714,16976,40015,25979,37980,36138,36490,18909,34607,34984,77880,116306,55519,114595,111858,147914,85434,132481,98315,115506,108680
314,Greece,shifting agriculture,1,3,8,1,6,4,3,7,3,6,2,107,62,2,3,19,5,2,8,8,11,3,60
315,Grenada,shifting agriculture,31,64,69,630,46,27,63,58,92,141,39,39,25,82,6,58,28,108,21,16,16,20,27
316,Guadeloupe,shifting agriculture,309,49,74,183,198,58,149,124,110,115,70,282,161,194,65,69,55,95,62,45,65,41,36
317,Guatemala,shifting agriculture,47019,48603,80297,48466,83829,44829,103616,62991,70092,52232,35379,74935,48243,53315,43843,148309,71459,64176,80207,74508,43537,39412,55364
318,Guinea,shifting agriculture,18407,28834,9193,17051,14408,15201,33607,21375,23192,15944,27552,24022,145027,131743,160837,214542,230151,181491,192421,177058,166404,129363,153052
319,Guinea-Bissau,shifting agriculture,2312,5804,1015,3427,3864,1931,5859,3126,7331,4568,4142,3258,19353,11868,11702,15126,15413,13400,14700,15995,12904,8932,10851
320,Guyana,shifting agriculture,7807,3296,4647,3030,4472,4328,3892,7539,6462,7850,6416,9384,5740,9340,10276,18083,15673,8560,16607,12048,8203,9211,21782
321,Haiti,shifting agriculture,2318,1997,1013,2163,1859,1089,1979,2015,2335,1926,2392,3880,2946,3534,2976,17046,5296,3924,4331,3685,2329,1765,2452
322,Honduras,shifting agriculture,40432,29209,31352,24164,35313,36570,38832,39020,45322,39141,45981,29822,36926,47558,44007,172046,98646,62175,66117,75381,54606,46007,62171
323,Hong Kong,shifting agriculture,0,0,0,0,1,0,6,0,0,0,0,0,0,0,0,0,0,2,0,0,0,0,3
324,India,shifting agriculture,8863,8407,8409,11254,10538,14152,15736,19305,17180,7742,25641,15986,8128,14072,7449,14207,20509,16643,17064,17032,12641,16284,25508
325,Indonesia,shifting agriculture,29243,35715,24437,40794,32379,41789,47040,40375,50047,31417,46123,77236,36152,73537,89961,111244,57853,53902,55098,40798,34578,33894,45761
326,Iran,shifting agriculture,18,28,96,4,18,11,12,16,8,8,10,40,7,1,0,0,2,0,1,0,0,0,7
327,Iraq,shifting agriculture,0,0,0,0,0,0,0,6,1,2,1,1,1,0,0,0,0,0,0,0,0,0,2
328,Ireland,shifting agriculture,15,16,0,7,17,8,29,13,3,13,10,1,6,16,0,4,7,3,8,1,1,5,30
329,Israel,shifting agriculture,2,2,0,6,4,13,2,1,4,3,9,2,2,6,2,3,3,14,12,1,3,1,0
330,Italy,shifting agriculture,762,466,235,935,453,515,851,1139,947,505,490,912,949,755,850,2140,4220,2978,1411,721,1679,1394,2100
331,Jamaica,shifting agriculture,1151,1521,911,3270,5472,2455,1221,1911,3245,2100,2210,2466,1144,2397,2736,1733,1966,2101,2088,2041,1377,1067,1866
332,Japan,shifting agriculture,8,3,5,10,6,24,14,15,7,8,8,7,1,8,1,7,1,0,12,0,1,0,1
333,Kenya,shifting agriculture,15342,16434,10950,15124,10683,18139,22038,16661,15668,20340,14550,14545,10767,12548,11907,14341,16449,13397,13257,15971,6697,5723,9345
334,Kosovo,shifting agriculture,23,0,1,1,2,3,6,3,38,7,15,20,10,6,4,9,6,7,10,6,5,5,16
335,Kyrgyzstan,shifting agriculture,5,1,0,1,1,1,0,1,3,0,0,0,0,0,0,0,0,0,0,0,0,0,51
336,Laos,shifting agriculture,12245,18569,27906,22243,23915,44140,42082,27148,46319,55962,43849,47700,69665,84405,100229,127908,119269,103714,128721,128655,111626,113942,163973
337,Latvia,shifting agriculture,5,1,0,1,0,3,3,0,12,1,2,2,0,4,3,6,0,3,5,65,3,5,2
338,Lebanon,shifting agriculture,26,3,23,15,26,9,101,5,4,6,4,6,19,15,15,14,21,18,9,13,49,35,44
339,Liberia,shifting agriculture,28894,56429,21273,6169,11190,35860,43926,35738,74043,20202,34042,71599,154558,162788,184667,167476,201571,203042,170474,218644,128952,150896,153950
340,Libya,shifting agriculture,11,5,11,3,11,5,1,2,3,1,3,1,1,1,0,0,6,0,0,0,0,0,61
341,Madagascar,shifting agriculture,86076,88678,83388,80936,92719,70396,186413,122620,135352,106296,160872,127364,297709,413304,299788,380260,506371,363862,252154,238661,231801,252260,297749
342,Malawi,shifting agriculture,2307,3912,6685,5083,8563,4970,6650,8514,3907,3761,6941,11041,9872,17737,10186,12536,14436,14814,11594,15292,15715,13666,21462
343,Malaysia,shifting agriculture,1749,1556,1182,1835,2315,2217,1945,3325,7567,4106,12007,12406,5656,7352,4400,9017,7011,6239,4685,2789,2499,2937,3785
344,Mali,shifting agriculture,317,132,33,137,81,102,119,104,157,52,165,79,410,270,204,205,332,299,211,149,130,159,316
345,Martinique,shifting agriculture,166,46,254,153,174,85,142,261,191,73,142,287,128,137,30,26,115,50,59,63,42,32,106
346,Mauritius,shifting agriculture,19,18,7,43,29,21,19,12,25,4,62,16,29,103,0,0,0,0,0,0,0,0,0
347,Mayotte,shifting agriculture,22,13,23,2,23,26,15,24,3,17,2,87,235,797,13,57,36,51,27,114,44,53,24
348,Mexico,shifting agriculture,116589,119783,107710,125829,152518,119823,161252,131157,192429,125323,134235,120632,148827,128198,138919,202492,209201,192642,244468,214619,126386,125763,140198
349,Mongolia,shifting agriculture,100,111,261,62,14,26,89,36,8,52,0,7,0,0,0,0,0,0,0,0,1,0,0
350,Morocco,shifting agriculture,909,1998,1238,606,678,958,1525,1679,563,390,2094,853,353,688,363,695,1120,1110,523,2397,444,3606,1748
351,Mozambique,shifting agriculture,60047,105503,78877,106731,149491,170957,137222,203048,216025,193410,149480,138549,159273,199265,180267,249410,357176,171677,234099,231598,277093,236875,261074
352,Myanmar,shifting agriculture,24092,36687,45274,57214,48752,77241,80852,66965,130551,94691,78109,133375,147321,207233,177569,222843,213600,172237,189097,188130,181551,158252,179752
353,Namibia,shifting agriculture,61,65,76,10,22,6,35,12,53,15,40,11,1,0,0,1,1,8,0,0,1,0,0
354,Nepal,shifting agriculture,207,413,312,447,325,627,630,584,868,444,328,683,76,230,24,38,105,140,243,163,252,166,208
355,Netherlands,shifting agriculture,20,36,16,30,43,38,43,85,87,107,31,27,7,20,26,39,38,27,43,45,56,21,47
356,New Caledonia,shifting agriculture,431,440,677,1206,1250,2001,815,404,740,384,513,640,1662,1444,349,987,903,2826,652,3777,537,302,369
357,New Zealand,shifting agriculture,14,31,29,16,44,28,63,123,82,35,35,63,106,1769,144,17,27,154,187,124,112,39,37
358,Nicaragua,shifting agriculture,42124,52244,44388,19190,91801,36859,85790,50260,77505,202861,40987,30936,39790,67690,30505,127631,204988,65271,71603,76160,70260,46337,104604
359,Nigeria,shifting agriculture,35654,27331,12301,13958,10938,23671,20005,23561,22202,28487,47567,30406,37420,61035,36740,63949,151175,108353,80453,89620,87068,96395,78186
360,North Korea,shifting agriculture,3,6,10,8,17,33,58,125,9,44,2,10,25,45,26,33,9,2,1,0,0,1,10
361,Northern Cyprus,shifting agriculture,3,0,1,6,1,5,4,4,7,4,9,1,7,6,15,21,27,17,11,6,2,2,4
362,Norway,shifting agriculture,2,0,1,143,19,25,1,1,1,0,9,0,0,0,0,0,1,0,0,0,0,0,1
363,Pakistan,shifting agriculture,1,4,25,31,3,41,13,16,11,10,7,3,2,1,0,0,0,1,0,1,0,3,10
364,Palau,shifting agriculture,40,55,15,22,28,29,74,55,23,26,24,23,14,44,0,0,0,4,7,16,3,3,12
365,Palestina,shifting agriculture,1,1,0,0,0,0,0,0,0,0,0,0,0,0,0,0,0,0,0,0,0,0,0
366,Panama,shifting agriculture,16974,17869,10599,15711,11327,30504,19468,35865,33454,14277,21437,15915,12961,12853,9521,16452,29045,26584,31799,25784,23105,16596,23760
367,Papua New Guinea,shifting agriculture,27175,43849,26189,47617,32482,46506,40504,59246,40590,56350,43265,59102,47962,92419,146233,135958,103147,104229,82480,69589,67892,117101,73483
368,Paraguay,shifting agriculture,47989,66845,90224,114795,72503,32959,94150,51798,30816,46242,66642,86246,52341,54009,39026,42571,88300,33065,63086,81763,61947,50092,31801
369,Peru,shifting agriculture,67092,62469,56687,79973,129064,69181,92690,93661,138629,109476,94647,211172,154214,151429,126747,178605,238561,165036,178363,221960,170501,178815,175618
370,Philippines,shifting agriculture,2221,2254,1473,2487,2837,3468,3463,1630,3475,5456,1544,2977,2098,3007,2039,6187,5026,2168,1803,2276,1579,6113,1524
371,Portugal,shifting agriculture,180,507,133,372,406,724,263,286,426,626,239,1550,645,511,372,1049,586,1251,397,811,466,422,397
372,Puerto Rico,shifting agriculture,1117,1079,1079,1207,1162,1094,906,1129,884,564,1179,609,660,801,680,547,53996,1141,639,637,655,588,606
373,Republic of Congo,shifting agriculture,26289,23890,18144,13555,18425,21522,29164,17057,18314,43328,27854,31557,53640,71236,47313,113632,63040,62257,73312,63972,57864,58888,67242
374,Reunion,shifting agriculture,20,276,101,0,176,431,0,8,136,184,401,638,1126,443,3,6,0,0,0,0,0,0,0
375,Romania,shifting agriculture,9,2,1,3,6,9,3,12,3,2,4,16,0,1,1,2,6,0,2,0,4,4,15
376,Russia,shifting agriculture,17,11,7,14,3,34,62,13,59,42,17,90,10,14,88,22,30,174,4,13,51,57,70
377,Rwanda,shifting agriculture,1385,825,930,1033,752,681,1285,1004,1170,2182,804,975,2206,2484,1943,2247,2351,3567,2162,2752,2533,2226,2619
378,Saint Lucia,shifting agriculture,25,9,16,36,49,87,45,37,46,90,58,61,35,40,6,106,81,34,20,38,34,32,22
379,Saint Vincent and the Grenadines,shifting agriculture,6,6,8,21,16,10,21,38,29,65,30,23,12,9,1,15,30,17,10,6,13,61,11
380,Senegal,shifting agriculture,64,147,37,123,62,39,153,270,153,148,111,82,366,320,271,242,377,285,266,746,170,284,160
381,Serbia,shifting agriculture,39,31,14,21,20,11,12,10,10,11,10,23,21,31,25,46,19,25,24,12,22,15,26
382,Sierra Leone,shifting agriculture,17605,14076,8558,3918,6548,26818,21221,20447,28722,8333,32877,15496,163524,152061,225083,174372,226810,182967,170100,149766,110842,117349,97894
383,Slovakia,shifting agriculture,2,2,1,3,4,2,4,5,3,4,17,5,2,2,4,7,7,13,1,11,0,0,9
384,Slovenia,shifting agriculture,1,2,1,5,8,7,4,4,2,2,4,2,1,2,0,6,7,6,7,2,2,3,6
385,Solomon Islands,shifting agriculture,1636,2898,1798,2762,5554,4310,4077,6312,4575,5273,4561,7429,8164,15373,13096,15057,16928,15610,14840,12420,10095,12060,8229
386,Somalia,shifting agriculture,223,187,83,163,235,88,218,205,242,110,146,113,239,83,60,75,276,33,359,138,150,120,99
387,South Africa,shifting agriculture,4918,3584,5327,5161,5931,6350,4405,5183,5076,6254,5091,5536,6743,9905,12750,10829,13849,10919,13210,14223,9462,6620,5369
388,South Korea,shifting agriculture,0,1,4,0,1,1,0,2,1,0,1,0,0,0,2,9,4,2,0,0,0,0,0
389,South Sudan,shifting agriculture,3917,6667,1652,9345,9746,8002,8588,8247,7298,3438,8062,5795,4023,5802,2406,3987,6749,2563,3623,2241,2754,3365,6139
390,Spain,shifting agriculture,360,293,224,368,464,400,371,378,415,296,220,495,207,337,433,858,513,494,204,381,324,859,2915
391,Sri Lanka,shifting agriculture,704,786,427,1686,721,2027,4023,1390,5759,2438,6015,3052,2444,2637,2274,4017,2127,2596,1895,2409,2533,1738,2679
392,Sudan,shifting agriculture,19,57,11,9,87,2,162,40,70,38,171,9,5,3,8,24,71,8,8,16,20,15,20
393,Suriname,shifting agriculture,3179,3151,4084,4807,3074,3048,3079,6728,6366,6269,5050,16469,8885,13739,10724,15885,16879,17815,17234,13893,11337,13710,24197
394,Swaziland,shifting agriculture,370,234,367,308,167,889,283,268,268,799,438,248,352,755,505,465,1155,243,791,341,735,443,462
395,Sweden,shifting agriculture,26,37,18,36,16,18,27,30,32,82,36,45,2,30,36,55,19,17,111,19,40,177,104
396,Switzerland,shifting agriculture,2,1,0,9,3,1,1,5,3,2,1,3,3,7,2,5,13,6,12,9,5,4,9
397,Syria,shifting agriculture,31,14,14,14,14,49,136,37,29,126,37,852,95,87,55,76,215,61,110,110,63,25,36
398,Taiwan,shifting agriculture,33,9,11,10,12,20,15,16,11,17,8,8,15,5,3,18,11,16,7,17,15,23,15
399,Tajikistan,shifting agriculture,0,0,0,0,0,0,0,0,0,0,0,0,0,0,0,0,0,0,0,0,0,0,14
400,Tanzania,shifting agriculture,75246,78697,78497,63452,85575,81805,115265,157078,137359,132149,130530,147338,172661,190054,106837,146942,185554,164236,136617,177373,156431,152269,217474
401,Thailand,shifting agriculture,5206,11848,13099,16664,9887,22369,22397,20141,28296,30669,23141,34812,27008,32430,26997,38640,27789,21707,27740,26579,23946,23530,27779
402,Timor-Leste,shifting agriculture,428,1007,452,1389,886,2109,1131,702,1678,457,1201,1372,319,1417,657,930,1191,826,1029,1017,967,789,1087
403,Togo,shifting agriculture,2762,2014,2050,2758,2047,1676,3179,1172,5572,513,1255,1744,2947,2523,940,3464,7186,6784,5229,5502,5897,5028,4459
404,Trinidad and Tobago,shifting agriculture,1544,620,540,597,1153,1572,1000,1222,1308,3031,355,648,699,1478,615,1268,685,881,568,758,301,363,812
405,Tunisia,shifting agriculture,34,17,690,33,43,38,69,58,159,29,466,69,99,225,185,106,530,123,77,96,53,225,175
406,Turkey,shifting agriculture,150,122,46,265,109,248,325,156,177,104,136,782,248,175,202,213,226,209,185,340,400,348,651
407,Uganda,shifting agriculture,28256,10425,11179,17234,27533,27250,33494,35554,22215,32765,62826,27929,45990,52882,52200,64788,113216,83227,59873,69833,46633,61252,65728
408,Ukraine,shifting agriculture,25,29,55,64,59,64,61,61,144,80,52,32,7,31,28,64,40,52,17,19,35,23,14
409,United Kingdom,shifting agriculture,51,28,4,12,44,54,43,22,22,51,17,57,7,65,50,96,61,38,28,23,24,27,27
410,United States,shifting agriculture,4597,4071,4452,5517,5075,5014,6251,5807,6221,3892,4849,4073,2232,3727,4264,5741,7235,8016,5255,4157,3895,9141,10111
411,United States Minor Outlying Islands,shifting agriculture,2,7,0,0,84,0,0,0,0,0,0,10,0,0,0,0,0,0,0,0,0,0,0
412,Uruguay,shifting agriculture,1214,848,1430,1988,1870,3486,3791,3051,3469,2644,3313,6021,2371,3256,1921,3025,3636,2021,1884,1579,1963,1541,3665
413,Uzbekistan,shifting agriculture,0,0,1,0,0,2,0,0,1,0,0,0,10,43,0,0,0,0,0,0,0,0,0
414,Vanuatu,shifting agriculture,61,74,431,318,201,171,98,157,272,247,161,158,925,482,3013,1242,384,922,217,3764,41,37,806
415,Venezuela,shifting agriculture,87051,65785,62764,62731,70823,56621,88756,83395,98081,65512,46746,70399,39312,65864,41451,156906,133641,80891,89618,100411,48925,42396,58949
416,Vietnam,shifting agriculture,10067,13175,13326,17220,29972,23883,18734,28929,25330,58868,31816,25883,17803,28072,30974,56594,46569,36845,37036,41174,35493,38330,33846
417,Virgin Islands,shifting agriculture,74,16,29,19,14,56,17,24,51,9,32,20,19,15,0,4,1053,31,15,10,17,29,25
418,Zambia,shifting agriculture,29510,45493,41267,28067,56736,39990,53060,65477,117152,172765,59605,128833,82958,113868,87129,141122,162255,143659,124499,162708,201122,178864,190196
419,Zimbabwe,shifting agriculture,4377,5078,3704,4400,7667,6163,5912,3979,12886,4993,4648,8264,4634,5161,5121,5100,11672,3524,4999,3496,6015,4523,3655
420,Algeria,urbanization,337,58,145,231,128,174,444,559,349,80,236,420,115,181,198,175,458,167,182,192,362,188,758
421,Argentina,urbanization,51,168,242,244,175,291,238,314,184,106,150,107,143,364,44,131,157,73,125,129,92,97,200
422,Australia,urbanization,1529,1918,2893,2184,2554,2231,2607,2053,1856,1783,1514,5452,11832,2559,2898,7477,4600,6545,19021,14875,7695,2129,1593
423,Austria,urbanization,7,12,9,10,16,4,15,22,15,10,4,5,6,9,8,6,9,5,17,7,4,6,6
424,Azerbaijan,urbanization,1,1,1,1,2,3,2,16,1,1,0,0,0,0,0,0,0,0,0,0,0,0,0
425,Bahamas,urbanization,0,0,1,0,0,0,2,1,1,1,2,0,39,19,0,0,0,0,0,0,0,0,0
426,Bangladesh,urbanization,50,65,26,81,28,97,68,50,105,81,86,73,36,39,54,117,118,59,60,117,134,118,156
427,Barbados,urbanization,5,3,1,1,2,1,5,4,2,3,1,7,1,0,0,4,0,0,0,0,2,0,0
428,Belarus,urbanization,9,21,25,38,36,46,47,16,16,45,22,24,48,27,64,75,87,55,50,39,24,28,22
429,Belgium,urbanization,38,52,14,44,72,74,51,73,76,155,51,32,11,24,36,40,66,48,150,133,163,77,111
430,Benin,urbanization,8,6,0,1,2,2,5,4,3,5,7,15,3,1,1,1,5,3,8,3,6,6,15
431,Bhutan,urbanization,7,9,16,30,29,18,13,18,27,49,26,21,4,22,19,39,23,28,21,31,30,19,30
432,Brazil,urbanization,2121,2544,2089,2030,1800,1852,3254,2787,2422,2959,1863,3136,2355,3081,1952,3082,3612,2002,1836,1461,1567,1670,1577
433,Bulgaria,urbanization,1,0,12,0,1,1,0,1,1,0,0,1,0,1,0,2,1,1,0,1,6,6,4
434,Burkina Faso,urbanization,0,0,0,0,0,0,0,0,0,0,0,0,0,0,0,0,0,0,0,0,0,0,0
435,Burundi,urbanization,12,4,40,3,14,1,33,13,6,30,17,4,19,17,3,12,6,27,10,8,5,7,9
436,Cambodia,urbanization,46,20,26,24,17,85,41,35,59,53,108,48,25,23,71,21,11,2,4,6,7,70,8
437,Cameroon,urbanization,707,70,668,248,494,699,599,1248,302,1852,1051,1391,1881,3906,1653,1834,3618,2556,2076,3035,1874,2677,1992
438,Canada,urbanization,4468,6925,6005,8405,6504,8920,6655,5660,5465,5026,3811,5869,3478,5782,3642,6616,6984,6530,5527,5583,8007,9186,6421
439,Chile,urbanization,16,123,123,89,117,114,100,122,159,123,77,272,154,206,91,74,824,89,46,59,56,103,127
440,China,urbanization,1099,1234,927,2196,1712,2506,3319,3260,3084,3500,3655,3532,2247,2753,2426,4120,4656,3695,3253,3885,3139,3554,5514
441,Colombia,urbanization,999,660,253,754,745,993,879,904,1107,558,665,720,340,518,417,595,726,609,317,245,327,224,326
442,Comoros,urbanization,11,7,8,6,20,2,18,6,10,14,9,62,397,235,34,62,109,162,90,78,38,57,44
443,Costa Rica,urbanization,142,609,58,150,140,156,98,164,236,53,62,114,22,34,11,23,23,84,48,23,51,41,57
444,Côte d'Ivoire,urbanization,728,798,352,130,446,504,410,826,1375,496,1217,292,814,1129,570,955,1699,1336,1143,1256,1463,1035,839
445,Croatia,urbanization,3,1,1,7,2,3,11,8,4,3,1,3,0,35,0,10,21,7,10,0,8,6,5
446,Cuba,urbanization,11,15,27,37,152,21,21,35,41,24,23,17,7,1,4,4,11,4,4,4,11,15,13
447,Czech Republic,urbanization,2,1,2,4,12,4,4,5,4,3,9,7,1,2,1,3,4,4,28,27,6,5,1
448,Democratic Republic of the Congo,urbanization,1064,419,415,618,2152,440,853,1754,1923,717,807,1153,1807,2253,903,1946,1871,2526,2056,2586,2774,2741,4139
449,Denmark,urbanization,2,0,0,8,2,3,4,29,4,6,5,9,6,21,6,2,3,2,13,2,2,0,4
450,Dominican Republic,urbanization,195,279,314,348,261,195,272,235,200,254,152,161,163,237,242,257,281,177,124,210,228,201,207
451,Ecuador,urbanization,129,73,49,186,68,112,98,71,204,63,58,216,89,73,48,51,70,66,54,56,26,48,93
452,Egypt,urbanization,57,22,19,42,17,19,39,39,24,43,49,216,37,52,8,7,20,28,10,6,7,2,20
453,El Salvador,urbanization,110,70,89,73,97,98,123,49,71,23,62,100,55,43,58,209,212,97,66,71,47,56,89
454,Ethiopia,urbanization,16,15,15,24,150,14,34,55,47,46,31,65,35,38,19,82,38,44,27,41,45,55,59
455,Fiji,urbanization,9,104,100,159,48,165,168,41,68,14,0,104,95,21,44,51,45,64,76,26,107,33,31
456,France,urbanization,229,46,144,185,110,154,168,404,279,123,169,101,43,64,42,127,105,126,156,113,197,141,236
457,French Guiana,urbanization,4,13,5,7,4,6,7,23,2,19,21,17,3,4,6,12,9,6,2,2,1,6,5
458,Gabon,urbanization,99,11,21,30,225,23,55,97,56,38,178,72,141,102,41,57,116,62,44,20,23,33,36
459,Gambia,urbanization,0,6,3,3,0,1,18,70,2,9,4,10,0,3,7,1,1,1,1,0,0,0,0
460,Germany,urbanization,38,42,16,85,86,89,128,122,41,163,54,50,22,29,37,56,64,76,207,188,131,78,92
461,Ghana,urbanization,954,2667,978,540,976,854,1580,1301,1443,479,1169,1254,2404,2778,1118,2944,2339,2210,1721,2829,2170,1933,2550
462,Greece,urbanization,1,0,0,0,0,0,0,0,0,0,0,0,0,0,0,0,0,0,0,0,0,0,0
463,Guatemala,urbanization,28,79,53,206,78,158,209,209,140,125,49,230,51,81,117,158,93,120,97,95,53,84,68
464,Guinea,urbanization,32,25,10,54,81,57,127,48,67,39,33,104,344,173,274,343,349,279,295,242,194,146,153
465,Guinea-Bissau,urbanization,6,11,0,5,2,6,4,9,103,35,11,5,30,12,4,9,17,14,18,14,21,24,33
466,Guyana,urbanization,0,0,0,0,0,0,0,0,5,0,0,1,0,1,0,2,0,0,1,0,1,0,0
467,Haiti,urbanization,25,54,16,88,99,32,41,56,54,70,89,212,162,155,53,105,80,116,31,50,54,55,66
468,Honduras,urbanization,2,3,7,6,5,10,14,16,12,3,15,5,11,56,20,31,51,24,24,69,84,22,21
469,Hong Kong,urbanization,1,1,1,0,0,2,2,2,2,1,2,2,1,1,3,16,8,54,5,12,34,13,7
470,Hungary,urbanization,6,8,8,11,8,14,13,2,18,12,5,11,16,25,14,17,19,20,15,11,10,9,39
471,India,urbanization,358,297,140,464,347,858,637,736,454,499,551,643,252,424,293,613,641,416,457,503,488,614,843
472,Indonesia,urbanization,2529,1560,997,2047,1567,3176,2381,2262,3193,2574,2821,3768,1056,2564,1894,2646,3328,2849,3472,2429,1992,1931,3759
473,Ireland,urbanization,47,17,0,15,23,11,6,14,6,7,1,11,9,5,2,0,3,9,9,18,10,3,3
474,Israel,urbanization,12,5,2,4,3,5,3,3,7,6,3,4,3,2,1,1,3,6,4,1,1,8,1
475,Italy,urbanization,172,42,47,176,77,114,139,116,157,97,83,119,127,133,118,161,345,441,278,581,247,216,491
476,Jamaica,urbanization,6,8,0,4,0,1,0,1,0,0,0,1,0,2,7,2,1,0,9,6,0,9,3
477,Japan,urbanization,121,151,79,188,153,184,211,228,136,157,103,320,54,87,95,167,125,160,172,184,162,133,123
478,Kazakhstan,urbanization,4,4,2,3,6,9,40,30,15,3,2,2,0,0,0,0,1,0,0,0,1,0,1
479,Kenya,urbanization,472,236,345,240,293,322,703,511,402,536,291,537,349,370,205,224,622,331,1150,1432,275,360,537
480,Kyrgyzstan,urbanization,0,0,0,0,0,0,0,0,0,0,0,0,0,0,0,0,0,0,0,0,0,0,0
481,Laos,urbanization,0,0,0,0,0,0,0,0,0,1,0,0,0,0,0,0,0,0,0,0,0,0,0
482,Latvia,urbanization,0,1,0,1,1,4,2,3,4,2,1,4,2,2,4,4,2,39,9,1,8,18,12
483,Lebanon,urbanization,1,2,1,1,4,3,6,1,13,2,2,3,3,3,1,2,3,2,9,10,0,0,0
484,Liberia,urbanization,108,65,57,2,5,134,64,183,251,30,92,47,146,286,146,242,354,493,310,301,258,533,468
485,Libya,urbanization,1,1,0,0,0,0,0,0,0,0,0,0,0,0,0,0,0,0,0,0,0,0,0
486,Lithuania,urbanization,3,0,4,2,10,5,6,17,1,10,5,30,1,1,1,12,13,1,4,2,10,14,0
487,Madagascar,urbanization,19,34,43,47,21,21,99,31,92,71,22,68,430,568,346,551,597,560,323,411,388,418,516
488,Malawi,urbanization,13,16,17,8,44,19,32,50,1,7,15,13,6,19,14,26,38,54,38,55,96,241,163
489,Malaysia,urbanization,1495,1385,528,2151,1668,1413,1334,612,1393,1251,637,1315,389,1773,851,1478,1549,979,973,473,538,320,766
490,Mali,urbanization,0,0,0,0,0,0,0,0,0,0,0,0,0,0,0,0,0,0,0,0,0,0,0
491,Mauritius,urbanization,107,94,72,226,113,82,74,123,164,12,258,103,137,250,0,0,0,0,0,0,0,0,0
492,Mayotte,urbanization,9,7,7,3,11,15,5,19,3,15,0,37,75,332,5,26,7,21,5,51,19,13,31
493,Mexico,urbanization,866,713,756,917,1140,1763,1656,1626,1124,831,708,583,543,559,862,626,564,1015,413,472,707,467,1962
494,Moldova,urbanization,0,0,0,0,1,0,0,1,0,0,1,0,2,0,0,5,2,1,1,0,4,2,1
495,Morocco,urbanization,8,2,16,28,8,6,21,20,11,8,13,5,3,27,15,13,32,10,42,20,18,25,60
496,Mozambique,urbanization,3,1,2,2,3,3,3,2,15,11,19,4,6,7,5,3,50,21,10,10,16,6,10
497,Myanmar,urbanization,127,164,179,339,280,479,328,833,682,850,545,604,704,1071,1123,1742,1820,1407,1009,1333,1808,1505,1611
498,Nepal,urbanization,50,65,15,83,37,25,30,87,126,36,22,49,11,3,0,2,3,10,6,9,16,16,6
499,Netherlands,urbanization,36,14,16,12,40,31,41,32,47,55,28,28,8,25,8,22,46,40,103,52,57,28,44
500,New Caledonia,urbanization,24,51,14,87,7,58,27,21,36,30,19,8,8,19,9,7,16,8,25,14,1,1,11
501,New Zealand,urbanization,1174,1350,875,1148,893,762,1292,1059,877,1167,1052,1252,1368,1015,680,1538,1228,1438,1447,821,852,863,1103
502,Nicaragua,urbanization,69,9,23,39,10,75,32,19,29,29,4,60,23,38,10,18,43,35,28,90,23,99,4
503,Nigeria,urbanization,3631,1596,569,339,1537,1232,3102,2607,2141,2488,3062,3260,3024,3276,2658,4530,13651,7217,4887,6570,6648,6226,5312
504,North Korea,urbanization,16,5,3,12,15,51,19,23,24,49,7,55,6,28,13,24,27,8,31,68,41,33,15
505,Pakistan,urbanization,23,6,14,37,18,24,31,31,60,8,6,35,0,0,0,0,0,0,0,0,0,0,4
506,Palestina,urbanization,0,0,1,0,0,0,0,0,0,0,0,0,0,0,0,0,0,1,0,0,0,0,0
507,Panama,urbanization,90,27,20,198,39,76,73,214,116,95,47,154,39,92,49,46,182,92,48,55,49,37,54
508,Papua New Guinea,urbanization,96,299,127,389,116,338,302,575,387,659,338,516,303,280,551,513,423,778,509,444,579,6646,179
509,Paraguay,urbanization,25,43,71,76,52,57,45,105,66,66,56,77,28,62,62,162,126,70,63,48,146,137,76
510,Peru,urbanization,4,2,1,1,0,0,0,1,0,1,0,2,3,3,1,2,7,2,3,2,6,7,2
511,Philippines,urbanization,1205,935,678,892,1246,1408,1448,676,2191,3715,639,1705,1238,1835,701,1990,1430,940,817,841,605,827,924
512,Poland,urbanization,5,31,5,11,75,11,13,10,22,61,29,49,15,15,14,25,35,18,14,8,13,20,21
513,Portugal,urbanization,59,64,96,194,107,68,153,107,188,256,118,142,170,240,262,322,273,279,287,228,191,233,213
514,Puerto Rico,urbanization,74,50,92,76,84,109,78,74,42,23,22,15,16,36,21,28,1990,70,20,18,20,18,150
515,Republic of Congo,urbanization,82,51,75,78,39,66,49,85,118,148,27,7,108,80,41,57,134,58,23,10,16,13,49
516,Reunion,urbanization,6,33,2,0,11,48,0,5,20,14,38,69,56,81,5,1,0,0,0,0,0,0,0
517,Romania,urbanization,23,2,6,5,25,3,2,6,9,10,3,17,2,6,4,3,13,6,10,19,20,10,21
518,Russia,urbanization,365,284,542,382,379,691,882,692,495,972,3402,2192,1158,1064,617,968,907,679,542,513,605,525,593
519,Rwanda,urbanization,92,49,61,49,52,55,62,56,173,207,67,53,132,261,137,221,153,277,155,181,204,145,180
520,Senegal,urbanization,0,0,0,0,0,0,0,0,0,0,0,0,0,0,0,0,0,0,0,0,0,0,0
521,Serbia,urbanization,32,10,10,67,25,23,22,15,17,22,24,25,24,22,25,61,38,32,22,43,21,28,44
522,Sierra Leone,urbanization,26,45,10,25,51,292,206,113,157,21,24,37,75,73,83,127,122,175,146,161,151,162,97
523,Singapore,urbanization,24,98,18,32,71,53,65,34,176,43,73,90,25,186,152,143,237,273,228,130,190,71,167
524,Slovakia,urbanization,0,2,0,1,2,2,4,3,1,0,0,0,1,2,3,0,0,0,9,0,1,5,0
525,Solomon Islands,urbanization,1,7,8,5,79,121,435,26,47,17,6,14,259,55,31,55,205,35,72,172,52,192,15
526,Somalia,urbanization,0,0,0,0,1,0,0,0,0,1,0,0,0,0,0,0,0,1,0,1,3,0,0
527,South Africa,urbanization,66,134,104,177,143,163,99,83,53,141,116,106,100,73,85,85,181,83,95,77,145,196,41
528,South Korea,urbanization,162,158,138,382,352,476,393,785,782,459,431,483,223,415,386,533,523,539,476,523,363,458,345
529,Spain,urbanization,51,37,60,202,83,92,84,65,51,70,24,39,51,66,417,161,111,74,54,63,743,918,268
530,Sri Lanka,urbanization,11,12,6,16,27,20,28,22,45,25,21,26,9,50,2,48,47,35,11,17,24,13,17
531,Suriname,urbanization,11,9,17,26,11,13,13,26,29,11,37,67,30,45,48,78,67,28,29,41,23,15,122
532,Sweden,urbanization,4,56,22,41,23,73,24,80,54,33,34,39,15,14,46,51,51,41,42,29,34,19,28
533,Switzerland,urbanization,1,0,1,10,4,5,6,3,6,2,3,2,0,1,2,4,1,5,12,11,1,2,2
534,Taiwan,urbanization,77,40,45,52,59,89,74,98,90,108,58,73,42,61,50,152,134,88,92,87,70,80,95
535,Tanzania,urbanization,169,143,398,224,180,501,38,483,233,558,1023,200,734,754,162,262,635,435,249,167,174,98,244
536,Thailand,urbanization,32,26,52,119,53,172,64,46,93,177,39,81,12,18,21,52,33,12,14,13,11,44,80
537,Togo,urbanization,6,5,2,1,0,9,3,3,2,1,1,1,4,2,0,0,0,0,0,5,1,5,1
538,Trinidad and Tobago,urbanization,26,9,0,9,1,0,7,0,0,6,0,0,0,1,1,0,0,0,2,3,1,1,0
539,Tunisia,urbanization,3,2,23,4,4,5,8,10,21,1,8,2,1,4,5,5,9,9,5,2,183,15,14
540,Turkey,urbanization,35,32,17,71,35,69,54,43,37,51,103,92,29,101,97,73,118,187,128,156,435,182,270
541,Uganda,urbanization,408,62,243,241,815,472,1787,453,367,465,1187,399,993,1074,804,1352,1566,1345,1615,1902,1246,1227,1121
542,Ukraine,urbanization,31,35,44,72,49,72,9,40,87,60,106,29,18,18,17,49,58,80,26,32,47,23,11
543,United Kingdom,urbanization,202,67,8,85,88,223,77,290,40,174,88,89,213,188,123,138,151,103,66,62,186,96,120
544,United States,urbanization,103587,92907,80421,126189,122282,127911,119208,94020,65335,72022,65346,81500,61922,78717,75720,99742,117661,104493,84833,85705,89705,83596,71533
545,Uruguay,urbanization,5,11,2,10,9,8,6,9,22,7,7,6,8,3,3,10,10,9,15,2,5,6,10
546,Venezuela,urbanization,176,113,94,48,48,100,117,95,203,45,111,146,59,85,77,49,72,71,30,47,27,12,12
547,Vietnam,urbanization,212,107,69,235,202,210,167,118,270,156,192,328,197,321,332,431,452,288,298,449,276,204,159
548,Zambia,urbanization,35,58,34,3,48,25,4,23,46,329,3,107,126,117,57,257,222,77,64,97,107,51,151
549,Zimbabwe,urbanization,2,3,5,1,11,0,9,12,8,14,9,9,8,5,4,3,7,3,2,3,4,4,8
550,Akrotiri and Dhekelia,wildfire,0,0,0,2,0,2,3,1,3,0,1,2,1,1,5,8,1,1,1,1,0,0,0
551,Albania,wildfire,1402,265,180,1022,177,388,3021,3310,343,161,217,2362,846,210,39,327,260,296,176,325,308,352,324
552,Algeria,wildfire,745,733,792,713,1324,1164,765,1677,2696,506,1441,1969,1453,1734,962,1382,7246,1038,1461,2594,3604,3762,2015
553,Andorra,wildfire,1,1,0,9,2,6,2,4,2,1,1,5,1,1,2,1,3,11,1,18,1,5,4
554,Angola,wildfire,461,256,105,223,197,107,370,283,202,173,239,305,330,356,391,510,604,369,247,618,931,491,663
555,Argentina,wildfire,6038,3407,13863,19960,14282,14091,19262,20205,12366,15940,13387,8977,9139,8323,6213,8195,6657,5389,3478,3855,3765,11554,5769
556,Australia,wildfire,145816,233240,236171,30594,74773,75485,195388,105136,46297,207418,32908,48691,108258,123165,136229,149738,74669,114003,1044407,1462872,119810,40012,116469
557,Austria,wildfire,8,11,14,16,20,12,8,13,7,9,7,18,2,11,10,14,14,23,36,15,15,7,5
558,Bahamas,wildfire,60,102,79,134,328,248,61,443,216,146,28,44,228,72,94,52,257,61,170,283,91,55,96
559,Belarus,wildfire,333,406,2058,959,662,519,343,377,1280,414,598,1323,347,439,984,4636,1720,1179,2311,827,595,446,335
560,Belgium,wildfire,38,92,17,20,43,45,36,79,47,141,56,34,6,31,49,63,46,56,138,102,124,53,63
561,Belize,wildfire,0,1,2,0,1,0,2,0,0,2,1,6,9,15,7,3,24,128,10,10,4,1,32
562,Benin,wildfire,0,1,0,0,0,0,2,0,0,1,1,0,0,0,0,0,0,0,0,0,0,0,0
563,Bhutan,wildfire,1,1,79,30,38,18,35,23,55,468,20,14,8,25,72,250,200,58,33,68,53,73,67
564,Bolivia,wildfire,507,386,261,1882,800,376,402,1263,656,2826,868,918,1677,721,251,9046,879,1658,38843,3159,28683,2058,1853
565,Bosnia and Herzegovina,wildfire,246,134,21,840,53,49,956,341,410,80,129,479,658,267,35,196,182,344,90,313,48,222,113
566,Botswana,wildfire,3,2,0,2,1,3,3,0,2,0,0,0,1,0,0,0,0,0,0,0,0,0,0
567,Brazil,wildfire,4976,4690,6146,8532,7476,5743,6653,6448,3261,5280,2584,5799,2969,3489,3002,28256,7480,7883,4490,12458,7239,6107,5816
568,Bulgaria,wildfire,1352,588,300,571,484,361,808,910,384,241,308,551,146,382,200,235,478,436,145,293,1532,73,49
569,Burkina Faso,wildfire,16,1,0,1,7,1,1,2,1,0,5,0,0,0,0,0,0,0,0,0,0,0,0
570,Cameroon,wildfire,0,2,1,0,0,1,0,0,1,2,2,0,0,0,0,0,0,0,0,0,0,0,0
571,Canada,wildfire,526396,1312868,860869,1478738,1689040,1316354,1045472,1132676,801925,1271927,1360956,1546713,2035769,1757114,1707939,1012587,1220993,1036009,981006,373066,1329349,1291112,6543769
572,Caspian Sea,wildfire,1,1,2,1,1,0,8,3,0,3,141,3,24,0,0,0,3,0,0,0,0,0,1
573,Central African Republic,wildfire,0,0,0,0,0,0,0,0,0,0,0,0,0,0,0,0,0,0,0,0,0,0,0
574,Chad,wildfire,5,7,27,2,4,5,2,2,0,0,1,3,0,0,0,0,0,0,0,0,0,0,0
575,Chile,wildfire,223,997,263,201,520,222,268,751,327,563,358,380,323,729,670,670,1545,229,316,835,490,618,881
576,China,wildfire,32615,30231,68720,96389,39473,103600,39463,42893,34715,43945,21298,19815,6618,8239,3309,9057,11599,11850,10877,11158,7699,2220,2036
577,Colombia,wildfire,862,828,576,784,603,962,987,995,1332,488,711,1104,722,1101,776,2002,2086,2105,2284,2950,2682,2647,1610
578,Costa Rica,wildfire,7,4,3,14,3,4,4,6,35,4,3,14,4,7,1,3,6,9,4,22,22,3,7
579,Côte d'Ivoire,wildfire,145,109,21,38,36,7,21,96,65,40,28,77,129,911,271,283,526,792,428,350,224,291,205
580,Croatia,wildfire,179,253,258,630,220,184,449,660,428,444,257,351,153,215,494,381,619,822,364,273,344,406,147
581,Cuba,wildfire,67,1310,6,124,125,207,199,34,36,26,155,20,24,28,18,46,4052,312,22,44,293,34,116
582,Cyprus,wildfire,67,16,20,48,17,33,753,76,47,51,92,31,10,14,12,456,408,5,24,8,631,58,48
583,Czech Republic,wildfire,16,59,19,128,58,33,142,116,44,46,88,104,47,97,54,97,77,278,1188,1479,238,70,26
584,Democratic Republic of the Congo,wildfire,7,8,8,17,9,4,39,18,23,20,12,16,16,26,10,16,27,32,12,24,13,11,37
585,Denmark,wildfire,123,32,12,31,143,62,31,58,100,61,75,65,31,34,91,100,69,62,150,48,122,93,15
586,Dominican Republic,wildfire,0,0,0,2,1,1,0,2,1,1,3,17,0,119,5,3,2,0,0,0,0,0,0
587,Ecuador,wildfire,206,73,67,190,42,133,215,66,169,73,63,125,45,57,42,28,58,37,21,27,20,21,89
588,Egypt,wildfire,0,0,0,0,0,0,0,1,0,0,0,0,0,0,0,0,0,0,0,0,0,0,0
589,Eritrea,wildfire,0,0,0,0,0,0,0,0,0,0,0,0,0,0,0,0,0,0,0,0,0,0,0
590,Ethiopia,wildfire,81,73,199,102,117,26,105,186,100,129,134,161,174,137,18,145,96,63,76,73,75,124,322
591,Finland,wildfire,735,794,604,995,579,1689,832,472,1909,868,1023,983,725,827,707,970,990,718,1186,765,838,455,144
592,France,wildfire,1011,742,1380,2021,1016,1551,1028,2350,1065,1399,937,1241,480,818,685,1172,2554,1328,1856,3070,2097,1270,791
593,French Guiana,wildfire,2,9,2,4,3,5,18,8,1,3,3,21,8,9,9,13,25,8,5,6,66,7,4
594,Gabon,wildfire,135,40,1,1,41,23,26,169,6,48,45,0,21,22,15,2,4,0,0,36,0,8,9
595,Gambia,wildfire,0,3,0,3,0,1,7,11,3,9,3,2,1,0,2,2,1,3,3,1,0,1,1
596,Georgia,wildfire,35,54,0,457,25,32,282,307,111,69,158,19,12,21,1,54,25,69,2,1,4,1,4
597,Germany,wildfire,145,111,53,248,378,278,394,389,277,644,342,254,144,385,98,183,276,651,1628,1707,614,393,264
598,Ghana,wildfire,36,24,7,3,11,7,9,15,7,9,11,4,10,6,3,33,11,24,13,26,20,27,36
599,Greece,wildfire,6252,2174,1071,2277,1747,3760,38922,15896,3240,4214,2663,6607,3927,1157,1698,2991,4717,3630,4016,2637,45259,5499,5587
600,Guinea,wildfire,33,41,6,18,65,25,38,25,51,31,45,59,315,203,283,426,462,392,429,314,265,265,302
601,Guinea-Bissau,wildfire,28,187,6,72,57,58,164,99,392,235,113,217,1019,798,800,773,763,812,733,893,607,684,469
602,Guyana,wildfire,28,8,13,11,7,9,10,7,16,14,16,40,43,94,29,194,31,22,7,130,8,31,155
603,Honduras,wildfire,18,15,5,17,37,35,25,68,48,81,108,23,58,132,162,214,310,373,318,518,266,162,819
604,Hungary,wildfire,6,4,7,30,32,16,15,11,20,29,15,51,2,14,15,33,31,16,11,32,34,13,2
605,India,wildfire,353,430,373,617,707,773,1004,1170,1520,332,728,1288,790,1368,449,599,930,643,884,673,614,791,783
606,Ireland,wildfire,382,195,45,298,221,217,494,231,239,149,144,186,102,70,38,112,131,169,210,89,147,74,125
607,Italy,wildfire,1102,935,327,1151,850,862,1289,2748,1469,719,970,1854,1722,1546,894,1467,3281,2619,1304,901,3925,2000,1005
608,Japan,wildfire,54,36,28,107,92,30,78,117,82,57,163,62,47,42,28,82,131,200,137,127,67,19,5
609,Kazakhstan,wildfire,1046,545,1663,1978,414,1013,855,583,1498,306,169,232,100,2,0,81,9,4,2,8,1,59,2203
610,Kenya,wildfire,446,704,202,239,147,354,476,240,194,369,366,410,166,186,165,594,838,348,326,188,99,91,146
611,Kosovo,wildfire,92,5,4,26,16,31,91,46,17,6,36,110,10,15,10,29,6,4,7,35,7,5,17
612,Latvia,wildfire,0,4,0,0,0,1,1,1,0,0,0,0,0,0,0,1,0,3,1,0,0,0,0
613,Lesotho,wildfire,0,1,1,0,0,1,0,1,0,0,0,0,0,2,0,5,1,1,3,10,5,1,1
614,Liberia,wildfire,44,98,150,36,26,110,64,97,565,44,122,251,536,468,804,482,825,870,607,594,324,334,565
615,Libya,wildfire,1,22,6,2,1,1,0,0,1,1,2,2,77,1,0,0,0,1,1,1,0,0,6
616,Lithuania,wildfire,3,7,2,8,5,1,5,5,6,9,6,4,3,2,5,6,16,6,12,9,6,10,1
617,Macao,wildfire,0,0,0,0,0,0,0,0,0,0,0,0,0,0,0,0,0,0,0,0,0,0,0
618,Macedonia,wildfire,479,108,102,474,118,241,1682,1088,1194,280,244,513,250,219,75,151,82,109,170,146,100,215,118
619,Madagascar,wildfire,365,243,378,297,334,279,1118,375,495,409,677,456,515,1409,889,1306,2306,1072,787,922,1615,1544,1595
620,Malawi,wildfire,21,22,38,39,52,18,74,66,19,16,28,28,48,34,60,109,99,42,58,129,86,101,204
621,Mali,wildfire,31,25,0,12,1,0,5,0,0,0,1,0,0,0,0,0,0,0,0,0,0,0,0
622,Mauritania,wildfire,0,0,0,0,0,0,0,0,0,0,0,0,0,0,0,0,0,0,0,0,0,0,0
623,Mexico,wildfire,1827,1993,1300,2295,2676,4350,3348,2690,5641,2488,5234,2730,2742,1300,759,1044,2430,4324,3103,2210,12029,5833,4244
624,Moldova,wildfire,4,8,2,7,2,7,9,2,5,3,10,82,6,14,18,26,40,18,31,42,45,39,32
625,Mongolia,wildfire,11212,14374,32722,48119,5478,10812,45047,49255,76760,6594,2511,32307,459,448,7100,3506,24132,9101,2399,290,117,77,741
626,Montenegro,wildfire,70,22,18,102,17,16,89,140,65,15,58,153,458,258,7,54,77,213,45,196,24,33,47
627,Morocco,wildfire,105,765,79,97,166,328,125,390,115,125,221,85,56,96,69,252,219,182,254,226,575,627,352
628,Mozambique,wildfire,46,130,56,87,113,86,55,268,247,147,125,87,94,74,59,67,220,58,375,184,168,94,74
629,Myanmar,wildfire,0,0,0,0,0,0,0,0,0,0,0,0,0,0,0,0,0,0,0,0,0,0,0
630,Namibia,wildfire,207,22,89,28,7,1,15,1,8,1,10,4,0,0,0,0,0,0,1,0,0,0,0
631,Nepal,wildfire,22,9,41,111,82,63,59,177,467,125,38,118,9,8,0,1,340,38,16,17,31,7,7
632,Netherlands,wildfire,57,116,25,36,82,71,109,60,81,210,72,51,24,60,69,131,83,76,233,155,149,57,76
633,New Zealand,wildfire,532,237,244,377,733,662,929,1644,1229,1380,871,949,1631,4679,1236,2303,612,593,733,783,536,797,739
634,Nicaragua,wildfire,2,2,1,2,20,3,7,19,44,28,1,10,8,24,6,16,3,15,84,11,3,50,8
635,Niger,wildfire,0,0,0,0,0,0,0,0,0,0,0,0,0,0,0,0,0,0,0,0,0,0,0
636,Nigeria,wildfire,31,41,13,4,15,32,28,29,12,10,23,9,6,51,27,28,69,35,128,25,36,33,49
637,North Korea,wildfire,453,348,577,949,926,611,356,2534,1392,1049,171,683,242,155,116,249,171,134,2229,317,127,74,51
638,Norway,wildfire,132,179,145,555,178,488,140,138,147,263,168,207,269,265,109,436,417,505,779,549,521,392,46
639,Pakistan,wildfire,2,30,44,268,277,279,252,153,213,326,48,8,0,0,0,0,0,0,1,0,0,0,0
640,Paraguay,wildfire,1218,1179,1389,842,1996,918,2481,2039,2053,2539,2956,2659,4694,3790,5127,7559,5833,1872,2252,3224,3666,2118,973
641,Peru,wildfire,307,363,390,452,479,308,424,383,445,346,348,718,656,719,437,623,1455,621,741,691,732,743,812
642,Poland,wildfire,36,45,52,47,117,51,70,67,86,138,76,67,37,81,56,115,116,97,82,108,105,86,48
643,Portugal,wildfire,2609,3744,1909,6052,2522,4574,2919,2916,5265,6418,2508,9245,6403,6823,4615,12396,19000,14156,3553,5559,4702,5949,3196
644,Romania,wildfire,319,365,194,790,330,250,385,289,310,258,407,481,314,359,152,287,206,210,172,398,181,229,148
645,Russia,wildfire,1101237,2062317,2384526,2514046,794061,1402428,1423685,2114363,1272637,967777,1805107,3965504,4037742,3543254,1539642,3833403,4010677,4474994,2642274,4385591,5492309,3147468,2122999
646,Senegal,wildfire,2,4,0,3,4,1,10,5,4,5,1,1,8,3,20,12,11,14,9,7,4,4,2
647,Serbia,wildfire,117,42,60,141,99,117,176,253,148,99,103,197,313,233,148,186,183,167,178,157,141,128,151
648,Sierra Leone,wildfire,98,188,120,10,27,198,43,37,294,52,192,59,899,929,1338,592,1270,959,1362,1092,487,599,463
649,Slovakia,wildfire,152,75,140,73,3407,559,322,574,449,591,404,110,59,222,36,127,139,163,72,47,14,5,9
650,Slovenia,wildfire,26,31,19,96,80,51,43,26,47,17,11,16,6,414,102,480,134,195,50,57,18,11,22
651,Somalia,wildfire,17,17,2,7,10,5,9,20,25,3,14,48,8,18,5,7,11,3,9,6,10,4,5
652,South Africa,wildfire,1701,1169,933,1520,1129,2679,1066,1535,1761,1112,1559,1563,1544,1836,3021,1635,1889,2881,4677,3351,1181,1816,1370
653,South Korea,wildfire,5,4,0,6,4,3,2,29,18,47,19,24,10,9,11,4,6,4,2,0,0,1,1
654,South Sudan,wildfire,1,7,0,10,47,8,0,10,5,0,2,3,11,1,0,0,0,4,0,0,0,0,0
655,Spain,wildfire,4197,5033,3003,9407,13042,11818,6518,3541,9977,7192,3290,21088,6933,7377,7842,12882,13645,13694,7875,10249,11412,19335,3598
656,Sri Lanka,wildfire,101,138,162,102,79,51,56,28,42,60,48,336,64,37,12,10,9,3,3,2,4,1,4
657,Sudan,wildfire,0,0,0,0,0,0,16,2,2,0,1,0,0,0,0,0,0,0,0,0,0,0,0
658,Suriname,wildfire,1,0,0,3,1,9,0,0,2,0,2,20,4,48,87,41,20,21,35,4,1,0,35
659,Swaziland,wildfire,1,1,1,6,0,4,0,2,0,2,11,1,1,8,1,0,63,0,10,0,4,1,1
660,Sweden,wildfire,818,1775,740,2369,1222,2678,984,2687,2184,2309,1274,2747,1762,1627,1621,2343,1793,3031,5051,1827,1315,1029,600
661,Switzerland,wildfire,7,5,7,20,16,17,20,21,22,15,10,13,8,7,4,21,14,20,46,29,43,12,16
662,Syria,wildfire,21,31,11,51,655,16,290,105,14,11,26,1867,332,170,140,133,234,30,43,629,1292,43,982
663,Taiwan,wildfire,6,81,15,0,2,4,10,6,15,2,0,1,1,0,1,3,1,1,0,2,0,0,0
664,Tanzania,wildfire,884,976,817,583,828,850,1028,1259,1691,1302,1194,961,1357,1410,1008,1022,2532,1533,1485,1955,1901,1753,2866
665,Togo,wildfire,0,0,0,0,0,0,0,0,0,0,0,0,0,0,0,0,0,0,0,0,0,0,0
666,Tunisia,wildfire,28,43,211,31,109,91,300,228,219,108,969,525,348,681,580,322,642,132,246,435,188,572,476
667,Turkey,wildfire,64,43,58,107,114,148,140,1420,1487,118,95,130,178,99,51,79,94,55,132,152,322,141,34
668,Uganda,wildfire,68,11,16,24,121,14,28,12,2,30,16,161,2,6,17,59,38,5,20,7,10,11,7
669,Ukraine,wildfire,659,945,2020,1487,927,1265,1302,1868,2199,1565,1467,1139,828,1084,2080,8011,2781,2605,881,7978,5851,1649,971
670,United Kingdom,wildfire,1198,1143,237,1082,845,1548,1236,1155,1951,1052,978,1613,1041,1420,1008,929,582,772,1066,673,723,654,129
671,United States,wildfire,210480,433760,331222,822960,882623,771609,470260,291750,240515,570750,236321,258955,341464,181632,820870,414751,369465,347519,554397,378656,336304,676313,158462
672,Uruguay,wildfire,51,38,28,53,118,142,138,133,378,679,371,185,126,142,83,374,435,75,28,77,116,38,281
673,Uzbekistan,wildfire,20,17,0,0,0,1,2,4,5,0,0,1,0,0,0,0,0,0,0,0,0,0,0
674,Venezuela,wildfire,968,1454,546,1175,1227,1249,522,1837,3385,811,881,1439,1108,1543,1051,3157,2430,1160,2440,2795,1208,1771,1447
675,Zambia,wildfire,87,43,121,115,233,133,216,256,189,178,39,82,30,51,32,107,35,65,16,31,32,32,28
676,Zimbabwe,wildfire,142,96,31,109,118,145,124,85,372,59,70,103,19,37,30,38,40,10,11,14,28,29,30
677,Global,commodity,3079843,3864099,3479093,5025405,4585281,4099296,4270307,4288092,4314720,4476160,4204060,5563957,3350798,4702558,4072348,6954392,5601576,4165857,4610308,4424561,4142858,4282221,4461756
678,Global,forestry,4962433,5069272,4346267,6620584,6317129,6342434,6813730,6632386,5881939,6377510,6179603,7358074,5568747,6717822,6196912,8613799,8997430,7588275,7836782,7719881,7480573,7052331,8052846
679,Global,shifting agriculture,2973177,3157830,2513566,2916232,3389560,3185704,3710399,3621419,4024295,4333848,3474874,4346121,4909360,6409814,4930807,8326823,8688689,6696498,6171301,6733920,5996186,6040812,6602627
680,Global,urbanization,134440,123231,104678,158950,155005,166268,161338,133741,105238,111383,101863,127678,106684,126605,107845,154905,187117,159565,145419,146124,142653,137447,123073
681,Global,wildfire,2078234,4132233,3961969,5071206,3555426,3753628,3330678,3832194,2556645,3140389,3516645,5964958,6595613,5681422,4270982,5550691,5826337,6082038,5347154,6702944,7444744,5247697,9004975
